Date,E05,E09,E06,E01,E08,E07,E04,E03,E02,E02-2
2015-01-01,75.2,88.4,97.2,70.7,87.2,97.7,83.1,78.8,88.7,87.5
2015-01-02,78.9,93.3,88.7,66.6,80.6,99.8,74.5,73.9,93.8,92.1
2015-01-03,77.2,92.8,84.3,67.4,84.7,98.7,78,75,93.9,92.2
2015-01-04,85.4,93.3,93.5,75.7,92,99.5,80.5,83.9,97.8,95.6
2015-01-05,81.5,93.8,83.4,69.1,87.1,98.1,81.4,78,96.2,94.2
2015-01-06,77,89.5,88.6,69.8,86.9,97.1,72.7,76,90.9,89.4
2015-01-07,77.3,87.6,87.4,66.8,90.6,99.8,73.8,74.2,90.3,89
2015-01-08,74.2,85,94.8,71.8,89.4,98.7,72.5,78,90.9,89.5
2015-01-09,88,92.1,92.6,84.4,97.4,98.9,81.4,88.8,101.7,98.9
2015-01-10,84.7,91.7,83.8,83,96.6,99.4,76.2,87.1,100.9,98.3
2015-01-11,85.6,90.8,90.6,75.2,94.6,99.5,75.5,81.4,100.4,97.8
2015-01-12,79.6,87.4,87.3,71.4,89,99.2,78.4,77.3,92.5,90.9
2015-01-13,80.4,90.5,89.5,74,89.6,99.3,80.5,79.5,93.6,91.9
2015-01-14,72.7,83.8,85.9,67.5,85.8,98.9,75.4,75.8,86.7,85.8
2015-01-15,75,83.8,85.7,72.3,84.1,96.1,73.5,77.6,87.3,86.3
2015-01-16,72.3,83.2,95,68.9,83.9,99.8,82.2,73.4,88.7,87.6
2015-01-17,79,82.9,88.5,74,87.5,93,87.7,79.9,91.4,89.9
2015-01-18,92.3,89.8,92.7,87.3,91.7,95.3,95.1,87.3,95.8,93.8
2015-01-19,87.7,86.3,87.6,80.9,89,98.2,93.9,83.5,95.6,93.6
2015-01-20,85.3,89,91.5,80.2,89,99.7,97.8,85.6,94.9,93
2015-01-21,83,87.9,91.9,80.7,88.4,99.4,97.8,83.1,93.7,91.9
2015-01-22,85.7,86.8,94.6,79.7,89.9,94.1,95.9,81.7,93.7,91.9
2015-01-23,86.3,89.3,91.3,85.3,95,90.5,91.7,87.5,97,94.8
2015-01-24,88.1,85.2,89.7,78.9,89.3,99.5,91.7,81.3,91.3,89.8
2015-01-25,79.4,87.5,84,75.4,89.8,98.7,89.1,81.4,94.2,92.4
2015-01-26,79.6,86.5,95.8,74.2,88.8,99.8,91.5,79.7,89.6,88.3
2015-01-27,85.1,88.4,95.4,74.8,87.8,99.8,95.1,80.4,91.4,89.9
2015-01-28,81,89.6,88.9,75.4,90.9,94.8,84.1,82,92.3,90.7
2015-01-29,82.3,91.1,89.9,76.4,89.6,99.8,85.1,81.2,97.1,94.9
2015-01-30,80.1,91.5,88.1,77.2,90.2,99.8,82.6,80.3,97,94.8
2015-01-31,82.8,92.5,92.3,76,94.1,99.8,81.7,82.7,98,95.7
2015-02-01,83.7,89.9,88.8,73.5,93.7,99.8,77.5,81.1,96.2,94.2
2015-02-02,79.4,89.3,85.7,72,88.6,99.8,79.5,78.1,96.7,94.5
2015-02-03,78,91.4,80.5,74.6,91.2,98.5,72.9,80.6,97.8,95.5
2015-02-04,79.5,91,88.3,73.5,90,99.3,79,79.6,98.1,95.8
2015-02-05,77.8,88.9,88,71.8,88.1,99.8,81.8,77.3,94.4,92.5
2015-02-06,71.8,84.3,88,66.2,81.9,99.4,87.5,71.5,85.4,84.7
2015-02-07,74.5,79.8,92,74,85.3,99.6,98,76,88.9,87.7
2015-02-08,85.8,84.6,94,83.6,88.3,99.8,96.2,84.8,95.5,93.5
2015-02-09,78.7,85.3,89.4,78.2,88.6,99.8,97,81.7,90.9,89.5
2015-02-10,74.3,84.8,82.4,75.9,89.8,99.5,94.7,80.9,85.5,84.7
2015-02-11,77.8,86.5,84.3,74.5,87.4,99.7,78.6,79.9,92.6,91
2015-02-12,74.9,86.3,90.7,75.1,89.6,99.8,77.7,79.2,93.7,91.9
2015-02-13,76.4,89.6,92.9,73.6,90.3,99.6,75.1,79.1,94.2,92.4
2015-02-14,80.3,90.6,86.8,74.6,89.9,99.8,80.4,82.4,92.2,90.6
2015-02-15,81.5,88.9,94.7,78.1,91.7,99.8,86.6,85.9,94.3,92.5
2015-02-16,71.9,86,84.6,70.5,88.2,98.7,83.9,78.6,86.7,85.8
2015-02-17,65.7,80.7,89.6,63,83.2,99.6,81.9,72.3,77.2,77.4
2015-02-18,74.6,80.5,92.1,68.2,81,99.9,87.1,74.4,81.7,81.4
2015-02-19,69.7,70.2,95.4,65.8,79.8,99.8,54.4,63.2,81,80.8
2015-02-20,61.1,65.4,84.7,50.3,65.4,97.2,33.1,56.6,60.4,62.7
2015-02-21,64.9,82.2,86.3,57.8,78,89.5,73.9,66.5,68.2,69.6
2015-02-22,72.4,85.8,86.1,69.5,84.4,90.2,83.2,74.9,87.3,86.3
2015-02-23,69.8,79.9,89.2,70.2,84.4,99.8,84.8,75.2,85.5,84.8
2015-02-24,76.4,84.3,91,71.9,83.4,99.8,87.1,77.3,87.3,86.3
2015-02-25,75.8,85.9,89.1,75.8,85.8,99.4,93.4,80.2,89.5,88.2
2015-02-26,75.5,88.4,96.5,73.2,86.9,99.8,95.6,78.8,89.6,88.4
2015-02-27,74.3,86.8,94.3,70,86.3,99.8,83.5,76.4,87.9,86.8
2015-02-28,76.6,88.2,89.1,70.9,89.8,99.8,81.6,80.8,91.3,89.9
2015-03-01,79.5,86.6,90.9,71.4,85.1,99.8,90.7,79.1,86.9,86
2015-03-02,80.8,87.1,89,75.5,82.5,99.4,93.7,79.8,88.3,87.2
2015-03-03,81.8,88.2,87.8,79.2,87,99.4,89.7,82,91.6,90.1
2015-03-04,74.1,86.8,83.1,76.2,87.2,99.6,87.5,80.7,91.8,90.3
2015-03-05,73.2,83.5,88.6,74.5,86.9,99.8,83.9,79.1,89.6,88.3
2015-03-06,78.2,88.6,87.7,78.2,88.3,99.5,88.6,81.6,95.2,93.3
2015-03-07,84.6,91.9,90,80.5,95.9,99.9,80.4,86.4,101.3,98.6
2015-03-08,81.7,89.8,90.1,76.3,92.1,99.8,76.1,83,99.8,97.3
2015-03-09,79.2,89.8,82.3,75.7,93.9,99.8,74.9,82.9,99.7,97.2
2015-03-10,81.1,92.4,85.7,76.3,96.2,99.8,77,83.9,100.8,98.2
2015-03-11,79.9,90.9,87.5,74.7,94.3,99.8,75.4,80.7,97.6,95.4
2015-03-12,80.6,90.3,87.5,75.9,90.1,98.8,81.2,81.6,94.4,92.5
2015-03-13,79.2,89.8,92.3,75.3,89.7,99.8,88.1,82.1,95.6,93.6
2015-03-14,77.8,89.5,93,77.8,90.6,99.9,92.4,81.7,97,94.8
2015-03-15,85.8,90.7,91.9,81.2,95,99.9,87.3,86.6,98.6,96.3
2015-03-16,80.7,86.8,89.3,77.7,87.9,99.9,88.4,80.5,93,91.3
2015-03-17,85.1,88.8,96,82.6,92.7,98.4,98.7,86.7,94.7,92.8
2015-03-18,93.6,93,92.6,90.1,94.1,98.6,98.3,93,99.6,97.1
2015-03-19,88.1,86.3,91.7,86.2,92.8,97,95.1,86.9,95.1,93.2
2015-03-20,92.1,84.2,93.7,87.2,91.3,97.2,92.3,85.8,99.7,97.2
2015-03-21,77.3,76.9,83.2,74.4,85.3,96.3,91.8,74.3,90.2,88.9
2015-03-22,85.4,79.5,84.7,83.2,92.7,94.8,91.5,85.1,95.5,93.5
2015-03-23,81.4,83.7,87.1,74,87.2,93.6,86.1,77,89.9,88.6
2015-03-24,82,84.7,86.6,76.5,88.2,95.6,90.7,79,91.6,90.1
2015-03-25,88.8,88.8,90.2,82,87.7,96,98.2,83.3,95.6,93.6
2015-03-26,85.6,88.6,87.6,79.8,87.6,97.8,95.9,82.3,93.2,91.5
2015-03-27,78.5,89,91.7,73.4,84.2,99.7,91.8,79.4,92.3,90.7
2015-03-28,79.5,86.5,98.3,76.4,87,99.8,95.3,81.7,91.9,90.4
2015-03-29,86.2,89.7,91.3,82.9,92.7,99.2,95.2,86.4,95,93.1
2015-03-30,81.1,87.7,86.7,82,87.5,99.7,97.8,83.7,92.3,90.7
2015-03-31,79.4,89.8,89.9,80.6,91.2,97.3,97.9,85.4,91.1,89.6
2015-04-01,80.8,88,91.7,79.3,92.3,97.5,87.4,83.8,94.6,92.7
2015-04-02,88.9,91,91.7,85.8,96.1,99.5,86.6,90.6,99.5,97.1
2015-04-03,83.3,85.9,89.4,75.6,88.5,96.9,79.8,82.5,90.9,89.5
2015-04-04,80,84.7,92.1,75,85.9,98.5,87.9,81.4,90.3,89
2015-04-05,81.5,88.7,91.8,80.3,89.1,97.8,93.7,81.9,91.3,89.8
2015-04-06,81.1,90.6,84.3,76,90.1,94.5,81.8,82.5,96.3,94.3
2015-04-07,82.2,90.3,88.1,77.1,93.1,98.9,81.2,84.7,98.5,96.2
2015-04-08,79.4,88.5,93.2,75.8,89.9,97.6,82.7,82,93.6,91.8
2015-04-09,78.3,89.4,90.3,72,87.9,96,82.7,79.2,91.4,89.9
2015-04-10,80.2,88.3,92.2,73.8,88.8,98.7,80,81.1,92,90.5
2015-04-11,79.1,89.9,90,70.8,88.5,98.9,80.2,80.5,93.7,91.9
2015-04-12,83.5,91.2,91,75.7,91.4,94.8,78.1,84.7,96.4,94.3
2015-04-13,79.8,89,89.7,74,90.1,98.7,80,79.9,89.7,88.4
2015-04-14,81.4,88.4,86.3,76.2,91.7,99,83.2,82,93.5,91.8
2015-04-15,75.2,87.1,91.8,73.1,85.2,98.4,87.3,78.4,87.7,86.7
2015-04-16,84.5,88,89.9,80.5,88.5,97.7,92.6,83.8,95.8,93.8
2015-04-17,82.4,86.3,85.8,81.2,82.6,92,90.3,83.7,93.6,91.9
2015-04-18,85.8,90.6,87.9,83.8,83,90.8,87.1,86,96.3,94.3
2015-04-19,79.2,89.8,89.1,74.1,84.8,96.3,91,82,88.9,87.8
2015-04-20,79.3,87.9,90.5,76.5,83.8,98,91.8,78.6,87.9,86.9
2015-04-21,85.8,91.1,88.6,84.4,94.9,98,88,87.3,96.1,94
2015-04-22,81.6,90.7,87,78.7,92.1,93.3,84.8,84,96.9,94.8
2015-04-23,83.3,91.1,91.9,78.3,93.7,99.7,79.5,84.6,97.8,95.5
2015-04-24,83.8,88.9,91.1,76.7,93.7,99.2,77.7,83.5,92.6,91
2015-04-25,82,90.6,88.5,77.1,94.9,98.6,79.1,83.9,92.9,91.2
2015-04-26,82.7,91.8,87.4,83.1,98,95.6,81.9,86.9,100.4,97.9
2015-04-27,77.8,90.2,92.1,77,92.8,93.1,76.4,84.2,89.3,88
2015-04-28,84.4,90.3,94.5,76.1,92.2,99.8,80,84.1,96,93.9
2015-04-29,86.9,93,87.4,76,93.2,97.8,81.9,84.2,96.5,94.4
2015-04-30,82.8,92.5,90.8,78.1,90.8,99.6,87.4,83.3,97.3,95.1
2015-05-01,83.4,90.6,85.9,76.3,90.9,93.4,89.9,83.3,92,90.5
2015-05-02,75.4,88.1,96.6,71.4,86.1,92.4,89.3,79.8,80.9,80.7
2015-05-03,80.1,85,88.8,74.6,83.3,95.5,92.3,77.5,88.1,87
2015-05-04,86.3,88.2,90.8,80.6,89.1,96.1,90.2,83.7,93,91.4
2015-05-05,82.8,92.1,91.5,82.5,93,98,82.6,86.9,97.8,95.5
2015-05-06,83.9,90.7,92.3,78.9,92.3,97.5,83.1,85.1,95.4,93.4
2015-05-07,79.7,85.1,95.6,77.4,89.4,95.2,77.6,85.2,89.6,88.4
2015-05-08,79.4,88,90.9,75.4,87.8,98.7,78.3,82.5,91.5,90
2015-05-09,81.5,89,89.6,73.7,87.1,95.8,78.9,80.3,89.8,88.5
2015-05-10,79.6,89,96.1,73.5,90.8,99.1,79.3,79.7,94.6,92.8
2015-05-11,89.7,91.6,90.5,82.1,98.9,98.9,80.4,89.9,101.5,98.8
2015-05-12,88.3,90.5,96.1,81,98.3,98.6,82.7,89.2,100.2,97.6
2015-05-13,88.1,93,94.2,78.6,96,99.9,90.8,88.2,99.6,97.2
2015-05-14,86.9,91.1,93.2,78.5,93.7,98.5,86.6,87.2,98.3,96
2015-05-15,82.1,88.8,91.6,80,90.6,98,84.6,85.6,92.9,91.2
2015-05-16,82.8,87.1,91.3,74.1,90.6,97.4,90.6,81.8,93.5,91.8
2015-05-17,82.9,88.9,89.2,77.4,92.7,99.2,80.5,84.6,95.8,93.8
2015-05-18,80.4,87.2,89.8,82,95.8,96.9,77.5,86.1,96.7,94.6
2015-05-19,78.1,83.2,90.2,71.7,86.5,98.2,73.8,81,90.7,89.3
2015-05-20,78.2,84.3,90,76.7,92.1,93.9,76,83.8,88.7,87.6
2015-05-21,87.8,90,92.8,82.6,94.2,94.6,78.9,87.6,94.2,92.4
2015-05-22,78.7,88.1,88.8,73.2,86.5,95.8,76.4,80.1,90.5,89.1
2015-05-23,84.1,88.3,91.2,82.5,94.1,97.7,85.5,86.4,92.6,91
2015-05-24,78,86.4,92.8,74.6,86.8,94.3,82.9,82.8,85.6,84.8
2015-05-25,82.5,88.1,88.2,78.2,90.9,92.6,89,83.9,93.1,91.4
2015-05-26,82.8,88,89,74.8,91.3,91,80.6,83,93.5,91.8
2015-05-27,81,89.5,93.4,74.8,88.6,98.7,80.1,81.6,90.2,88.9
2015-05-28,90.9,90.6,94.9,85.2,93.6,98.3,86.5,87.9,97.2,95.1
2015-05-29,85.8,87.5,88.6,82.2,92.6,94.7,93.3,86.9,93.2,91.5
2015-05-30,79.1,89.5,89.7,76.8,88.5,92.7,92.8,82.9,91.7,90.2
2015-05-31,80.1,87.8,92.7,80.3,93.4,98.9,77,85.4,94.9,93
2015-06-01,81.2,85.8,84.4,73.6,90,98.9,74.4,81.2,91.8,90.3
2015-06-02,77.6,82.6,91.2,68.2,91.1,96.7,71,80,90.8,89.4
2015-06-03,83.7,87.2,95.3,77.4,94.8,98.8,76.4,83.7,90.1,88.8
2015-06-04,90.4,92,92,86.1,97.2,98.9,80.5,89.3,91.5,90
2015-06-05,86.5,90.5,93.9,85.2,97.8,99.8,80.3,90.1,93.4,91.6
2015-06-06,85.6,90.4,91,81.6,96.5,98.5,78.4,87.1,94.8,92.9
2015-06-07,84.9,92.7,91.4,78.7,93.2,99,82.5,85.8,95.8,93.8
2015-06-08,87,89.8,93.9,80.8,95.2,99.9,81.2,87.8,96.8,94.6
2015-06-09,81.9,88,92.6,78.2,89,99.6,78.6,84.1,92,90.5
2015-06-10,79.8,88.9,91.3,79.5,92.5,98.7,83.8,83.9,95.6,93.6
2015-06-11,79,84.8,85.3,74.8,91,91.1,75.3,80.9,92.6,91
2015-06-12,83.7,89.1,87.2,74.1,94.8,96.2,78.6,82.5,99.1,96.7
2015-06-13,87,90.6,89.8,78.6,95.2,96.2,78.4,86.3,99.7,97.2
2015-06-14,78,86.3,94.6,73.2,86.1,93.3,80,81.4,85,84.3
2015-06-15,74.9,85.3,95.8,69.1,88,92.8,68,79.4,91.3,89.8
2015-06-16,82.8,89.7,93.1,78.5,94.1,99,72.6,84.4,97.1,94.9
2015-06-17,85.7,92.7,91.8,79.7,96.7,99.6,79.3,85.9,97.8,95.6
2015-06-18,84.9,89.5,96.2,79.7,97.3,98.4,76.9,85.9,91.7,90.2
2015-06-19,80.4,89.4,86.1,77.5,96,99.7,75.9,83.6,97,94.9
2015-06-20,86.8,91.5,95.1,81.5,98,98.8,77.4,87.3,95.4,93.4
2015-06-21,85.2,91.2,88.6,79,95.7,88.6,82.2,85.6,94.5,92.6
2015-06-22,79.7,88.2,84.1,75.6,94.2,85.9,71.6,83.1,92.7,91.1
2015-06-23,88.3,92.1,92.2,80.1,95.9,98.5,77.1,85.3,99,96.6
2015-06-24,88.3,94.2,86.2,76.5,99.2,99.3,78,87.5,100,97.5
2015-06-25,79.9,91.4,93.8,81.9,97.9,99.8,76.8,86.6,100.7,98.1
2015-06-26,75.6,91.5,94.9,72.2,97.6,99.8,71.7,83.1,99.5,97
2015-06-27,72.5,86.9,91.6,67.7,90.9,99.8,68.8,75.7,96.6,94.5
2015-06-28,79.9,93,89.4,73,93.3,90,73.3,82.3,95.6,93.6
2015-06-29,81.4,90.3,90.8,70.8,92.3,79.9,73,80,94.5,92.7
2015-06-30,78.2,86.5,82.7,74.4,89.5,85.5,71.9,81,93.1,91.4
2015-07-01,76.8,81.7,83.3,68.5,89.1,80.7,72.5,79.2,88.5,87.4
2015-07-02,80.5,87.4,84.9,73.5,90.3,89.2,75.4,80.7,97.2,95
2015-07-03,72.5,81.1,82.1,66.7,86.6,86.1,68.7,74.8,87,86.1
2015-07-04,85.2,90.8,96.5,76.5,94.4,84,76.5,81.8,96.9,94.8
2015-07-05,84.5,92,90.4,76.6,94.2,88.5,84,83.3,96,93.9
2015-07-06,91.9,90,86.8,79.7,93.2,98.7,89,87,96.6,94.5
2015-07-07,82.6,87.6,97.1,80.6,93.5,99.7,88.5,84.8,96.7,94.6
2015-07-08,83,88.6,92.5,73.6,89.2,95.6,78.5,81.2,97.7,95.5
2015-07-09,80.9,87.1,96.1,75.2,88.8,92.2,76,80.5,92.9,91.3
2015-07-10,87.4,91.1,92.6,75.2,95,95.3,75.1,84.2,99.7,97.2
2015-07-11,83.7,87.8,92.7,75.2,93.2,93.3,73.6,81.9,93.7,92
2015-07-12,86.6,92.8,95.7,75.2,96.3,92.4,84.3,85.9,95.8,93.8
2015-07-13,71.2,79.7,88.5,75.2,81.8,87,71.5,74.8,78,78.1
2015-07-14,69.4,80.7,90.6,63.8,82.9,94.9,61.6,75.6,72.7,73.5
2015-07-15,82.9,87.7,89.1,77.7,89.6,92.2,75,83.5,90,88.7
2015-07-16,81,89.9,82.2,75.1,94,88.3,74.7,81.8,98,95.7
2015-07-17,70.6,77.1,88.8,67.8,82,88.4,63.9,75.5,86.3,85.4
2015-07-18,90,92.9,95,84.1,98.7,91.1,81.7,89.3,96.6,94.5
2015-07-19,85.1,85,94.5,77.9,92,91.5,82.3,83.8,91.8,90.3
2015-07-20,81.9,84.4,96.7,78.9,89.5,94.8,79.4,84,89.9,88.6
2015-07-21,82.2,88.6,92.8,78.4,89.5,99.4,79.8,80.9,92.3,90.7
2015-07-22,92.2,94.1,89.5,87.8,99.6,94.7,84.6,90,97.8,95.6
2015-07-23,87.4,94.6,95,81.9,97.5,92.6,81.5,86.9,97.7,95.4
2015-07-24,80.3,85.4,90.9,74,90.2,87.6,71.1,80.2,88.4,87.3
2015-07-25,84.2,91,92.5,75.1,95.7,98.4,71.3,83.3,93.4,91.6
2015-07-26,78.2,87.8,91.4,72.2,91.7,94.8,69.1,79.6,93.9,92.1
2015-07-27,87,93.4,94.7,82.1,98,90,76,86.9,94.7,92.8
2015-07-28,85.6,93,96.6,77.7,95.2,94.8,75.9,85.7,98.5,96.1
2015-07-29,80.1,91.4,91.4,77.3,94,95.2,73.2,84.7,92.9,91.3
2015-07-30,79.6,91.5,92.7,78.1,93.4,89.4,73.9,83,93.1,91.4
2015-07-31,83.3,93.2,96.9,76.3,91.9,98.9,75.3,82.9,98,95.7
2015-08-01,77.2,85.7,92.7,72.4,91.9,90.1,66.3,80.6,95.3,93.3
2015-08-02,80.3,86.6,88.7,75,90.1,89.4,69,80.5,95.3,93.3
2015-08-03,80,87.8,87.8,71.5,88.9,94.1,72.2,79,94.7,92.8
2015-08-04,79,86.7,88.5,70.2,91.3,94.7,65.5,79.6,92.7,91.1
2015-08-05,82.6,90.3,93.9,74.1,92.2,97.8,67.7,81,95.9,93.9
2015-08-06,72.2,82,94.3,66.7,84.9,98.5,60.7,74.9,90.4,89
2015-08-07,75,80.5,93.5,65.8,82,88.4,64.9,74.4,82.8,82.4
2015-08-08,76.8,88.1,96.9,71.6,86.8,98.7,75.4,77.7,89.6,88.4
2015-08-09,80.9,89.1,95.2,74.9,90.6,88.8,84.1,80.7,96.1,94
2015-08-10,76.5,85.5,94.8,71.5,85.4,96.4,70.2,75.5,89.2,88
2015-08-11,79.1,88.9,92.2,71.5,86.6,91.2,72.9,77.1,93.9,92.1
2015-08-12,78.4,86,92,69.8,88.2,89.7,70.8,78.4,92.4,90.8
2015-08-13,75.4,84.6,86.1,67.4,86.8,93.1,67.6,74.8,90,88.7
2015-08-14,86.2,92.4,96,82.6,96.5,89.7,75.1,85.7,96.8,94.6
2015-08-15,85.9,93.4,93.6,79.9,98,81.8,74.5,85.8,95.5,93.5
2015-08-16,84.1,87,91.2,78.2,96.9,79.1,74.9,84.5,97.5,95.3
2015-08-17,79.8,87.6,90.1,76.1,90.4,87.1,66.7,82.5,92.3,90.7
2015-08-18,72.9,78.6,89.5,63.5,78.8,76.8,59.3,73.9,81.4,81.1
2015-08-19,80.4,86,92,71,93.2,80.2,68.9,80,96.2,94.2
2015-08-20,81.6,90.8,93.4,74.5,91.9,86.2,70.4,81.1,93.2,91.5
2015-08-21,83.5,84.4,84.4,74.1,90.3,89.5,67.7,80.6,93.1,91.4
2015-08-22,74.2,79,94.1,67.1,80,76.5,66.3,72.2,82.5,82.1
2015-08-23,77.3,81.5,90.7,71.3,85,81,67.6,75.4,94.7,92.8
2015-08-24,84.3,89.6,91.3,73.2,91.6,89.7,73.5,82.2,94.7,92.8
2015-08-25,81.9,85.8,86.2,76.6,93.7,79.5,70.2,81.8,93.8,92
2015-08-26,77.2,84.9,92.7,68.3,86,84.4,69.6,76.1,89.8,88.5
2015-08-27,76.4,83.2,88.6,65.9,84.8,82,69.5,76.8,88.4,87.3
2015-08-28,82.7,93.2,89.7,77.7,96.9,90.7,73.3,83.5,98.9,96.5
2015-08-29,82.7,93.9,94.3,73.1,94.9,99.7,72.3,78.2,96.2,94.2
2015-08-30,81.5,92.4,87.6,74.8,90,88,70.3,81.1,98.7,96.4
2015-08-31,78.6,91.7,97.3,73.2,93.1,93.6,71,79.9,92.5,90.9
2015-09-01,85.3,94,92.3,78.6,97.3,88.4,78.6,85.5,100.7,98.1
2015-09-02,81.2,89.6,86.6,79.5,91.3,86.5,70.4,83.1,96,94
2015-09-03,76.8,82,89.6,68.2,86.2,92.6,65.2,76,89.2,88
2015-09-04,78.1,83.6,91.2,70.1,89.7,82.5,62.6,77.8,91,89.5
2015-09-05,76.2,87.4,93.6,67,85.5,88.3,68.5,78.8,91,89.6
2015-09-06,78.4,90.5,80.9,71.3,90.5,94.3,68.7,78.7,94.3,92.5
2015-09-07,79.7,88.7,93.2,68.7,90.3,87.6,70.4,78.5,94.3,92.5
2015-09-08,72.9,82,96.7,62.2,80.2,85.1,69.5,71.1,84.8,84.2
2015-09-09,75.2,82.7,87.5,65.1,85,87.6,65.8,74.8,87.2,86.2
2015-09-10,66.1,73.8,96.3,61,74,95.4,55,69.4,75.4,75.9
2015-09-11,61.1,76.3,89.6,58.6,72.4,86.6,50.7,69.7,73.7,74.4
2015-09-12,59,66.4,80.7,53.7,66.9,83.6,44.8,66.2,65.2,66.9
2015-09-13,57.1,64.9,82.6,54.9,68.6,88.4,40.4,64.8,63.4,65.3
2015-09-14,55.3,60.9,88,53,62.6,89.8,38,54.1,59.8,62.1
2015-09-15,64.2,73,88,57.5,73.4,75.6,51.7,66.3,71.8,72.7
2015-09-16,74.6,83.3,84,69.7,84.3,80,66.1,77.5,92.6,91
2015-09-17,72.7,85.5,78.6,67.1,82.8,59.4,67.8,73.9,83.9,83.3
2015-09-18,78.1,86.6,88.1,73.2,88.4,53.6,70.7,80.9,92.5,90.9
2015-09-19,78.3,86.3,82.3,75.3,86.9,71,68,80,92,90.4
2015-09-20,76.3,89.7,89,73.4,87.4,87,68.7,78.5,92.9,91.2
2015-09-21,78.2,85.9,86.7,73.5,86.7,84,67.4,80.4,94.9,93
2015-09-22,75.1,85.6,87.2,66.7,85.4,91.2,68.4,74.8,92.6,91
2015-09-23,74.5,89.5,95.1,66.3,83.1,98.8,72.4,73.3,89.1,87.9
2015-09-24,71.9,87,86.9,62.6,74.4,88.9,68.3,71,84.7,84.1
2015-09-25,76.2,87.4,96.4,69.2,87,97.4,69,74.9,92.8,91.2
2015-09-26,77.7,89.7,90.7,69.2,86.2,96.8,69.2,75.6,94.6,92.8
2015-09-27,75.3,87.4,86.2,68.6,86.1,86,68,77.4,89.3,88.1
2015-09-28,76.2,87,89.5,69,86.8,90.3,70.5,74.2,90,88.7
2015-09-29,67.1,80.5,89.7,61.7,74.5,92.8,73.6,69.6,75.6,76
2015-09-30,78.5,84.7,96.2,69.7,79.6,87.6,81.5,72.4,82.9,82.5
2015-10-01,78.5,82.5,96.5,74,85.5,77.9,78.8,75.2,87,86
2015-10-02,74,84.4,89.9,71.3,85.6,80.2,75.2,74.4,89,87.9
2015-10-03,75.8,89.3,91.7,71.8,86.7,81.1,74.8,78.1,96.5,94.4
2015-10-04,86.2,92.4,83.3,75.5,97.1,79.7,84,84.5,101.3,98.7
2015-10-05,73.2,87.6,84.3,64.8,92.2,84.1,75.2,76.2,96.4,94.3
2015-10-06,78.9,89.1,95.3,71.4,89.4,92.8,76,78.3,95.8,93.8
2015-10-07,77.3,88.6,94.7,69.9,84.6,89.4,69.4,76.9,88.8,87.6
2015-10-08,69.5,86.3,91.9,62.2,80.7,93.3,64.6,73.1,79.2,79.2
2015-10-09,74.3,86.4,91.4,66.7,87.2,85.2,82.1,74.6,87.4,86.4
2015-10-10,82.9,91,87.2,76.8,91.3,80.8,81.2,82,97.9,95.6
2015-10-11,83.6,90.6,92.2,74.5,90.7,90.2,82.4,81.2,96.7,94.6
2015-10-12,81,89.3,92.3,73.8,89.6,91,85.8,80.7,91.6,90.1
2015-10-13,85.7,90.3,93.7,83.8,94.1,87.1,95.3,88,96.5,94.4
2015-10-14,81.7,89.1,96.4,80.3,90.9,91.2,93.3,85.8,94.6,92.7
2015-10-15,82.9,90.2,98.5,82.5,91.3,94.7,90.2,85.8,95.2,93.3
2015-10-16,83.7,88.8,93.3,80.9,92.2,90.3,78.1,85.7,96.8,94.6
2015-10-17,81.6,90.4,94.5,77,91.6,94.9,75,81.6,96.4,94.3
2015-10-18,83.8,92.8,96.1,78.4,95.3,92.6,74.4,84.5,100,97.5
2015-10-19,80.4,88.9,94,76.3,90.3,90,73.1,82.6,95.2,93.3
2015-10-20,77.8,87.5,81.5,74.5,88.5,92,66.3,80.4,97.4,95.2
2015-10-21,72.8,87.2,98.3,65.8,80.3,95.2,69.5,73.1,86.1,85.2
2015-10-22,75.2,88.7,92.5,67.4,80.4,93.5,81.5,73.7,87.5,86.5
2015-10-23,68.5,81.3,90.6,67.6,79.1,91.8,69.6,71.9,82.5,82.1
2015-10-24,73,84.8,87.8,69.8,83.5,92.9,73.8,74.4,89.4,88.1
2015-10-25,74.1,86.9,89,73,85.9,96.6,72.4,77.7,94.9,93
2015-10-26,72.3,83.6,93.3,68.8,82.5,97.4,72,77.5,88.5,87.4
2015-10-27,73.7,86.1,92.4,68.6,82.1,96.8,70.1,77.7,91.3,89.8
2015-10-28,70.2,84.2,93.4,65.9,80.7,91.7,76.3,74.2,82.6,82.2
2015-10-29,75,90.1,87.6,72.7,83.2,97.8,87.6,78.8,88.1,87
2015-10-30,74.2,85.1,95.8,73.2,79.8,97,89,72.6,84.5,83.8
2015-10-31,72.2,80.6,94.3,75.9,76.5,91,90.9,78.6,86.1,85.3
2015-11-01,69.7,75.9,95,68,80,80.1,92.5,69.1,84.8,84.1
2015-11-02,65.1,74.5,92.7,61.8,77.8,84.7,78.7,66,72.6,73.4
2015-11-03,58.1,65.3,84.2,59.3,76.3,80.1,54.4,63.1,69.3,70.5
2015-11-04,57.5,62.6,93.1,54.2,64.5,87.5,47.2,56.3,63,64.9
2015-11-05,72,81,85.4,63.5,78.7,78.4,62.7,65.2,70.2,71.3
2015-11-06,88,87.9,93.8,81,86.4,77.2,89.5,83,89.5,88.3
2015-11-07,93.5,93.2,94.8,89.5,96,84.8,91.5,91.5,98.3,96
2015-11-08,84.4,85.6,93.7,81.8,90,79,86.4,85.3,93.5,91.8
2015-11-09,81.4,90.2,85.6,78.5,90.9,67.8,90,83.3,94.2,92.4
2015-11-10,80.4,89.7,87.1,74.6,90.7,77.7,79.5,81.6,92.7,91
2015-11-11,78,85.1,90.4,74.3,86.2,85.1,73.9,80,92.1,90.6
2015-11-12,81.1,90.1,87,78.5,90.8,85.4,77.6,82.4,96.8,94.7
2015-11-13,78.6,87.7,86.3,77.1,90.6,84.2,75.5,82.6,95.1,93.2
2015-11-14,79.1,88.2,98,75.8,91.3,94.4,71,80.3,94.6,92.7
2015-11-15,79.9,88.7,91.3,76.3,93.4,92.8,78.4,81.8,98.5,96.1
2015-11-16,76.9,87.8,94.6,73,87.1,89.7,83.8,77.8,91,89.6
2015-11-17,88.4,89.9,94.4,86,94.6,90.7,93,89.8,98.5,96.2
2015-11-18,78.4,84.3,93.4,76.5,88.6,97.6,90.5,82.6,95.1,93.2
2015-11-19,72.2,82.4,91.5,67.1,82,96.6,89.9,74.9,88.5,87.4
2015-11-20,70.4,81.9,87.8,66.6,81.7,95,86.4,72.6,82.5,82.1
2015-11-21,73.3,82.2,94.4,68.5,81.2,85.9,85.2,73.7,85,84.3
2015-11-22,83.1,87.7,95.6,78.2,91,91.5,87.7,80.5,95.3,93.3
2015-11-23,79.6,87.1,94.2,82.3,90.8,54.7,92.8,83.8,94.9,93
2015-11-24,87.9,85.8,91.7,82.1,86,4.9,94.7,84.7,94.5,92.6
2015-11-25,76.5,88.2,95,76.3,87.2,6.5,87.2,82.3,91.7,90.2
2015-11-26,78.3,87.3,87.4,75.1,84.9,7.1,89.5,79.6,85.3,84.5
2015-11-27,69.5,81.3,93.1,69.5,83.3,8.8,81.5,75.3,86.8,85.9
2015-11-28,78.9,84.2,95.1,77.5,85.1,9.8,88.9,81.3,92.9,91.3
2015-11-29,79.1,84.2,87.6,77.2,87.2,8.9,77.8,80.2,94.5,92.6
2015-11-30,78.2,88.1,91.7,73.7,88.4,8.8,74.8,79.3,92.5,90.9
2015-12-01,83.5,91.8,89.5,75.8,92.5,7.8,80.1,82.3,99.5,97.1
2015-12-02,80.3,88.5,92.7,75.6,92.8,7,68.7,81.4,96.5,94.4
2015-12-03,64.5,75.2,83.9,60.5,75.7,6.7,55,70.7,70.8,71.8
2015-12-04,69.1,81.7,94.7,63.2,77.7,6.4,65.7,73,80.8,80.6
2015-12-05,73.7,87.3,88.4,74,86,5.9,71.4,78.6,91.2,89.7
2015-12-06,70.4,83,94.9,69.4,83.3,5.9,77,74.8,86.3,85.4
2015-12-07,73.5,85.3,94.4,71.8,86.6,5.6,72.5,76.4,91.6,90.1
2015-12-08,75.7,87.5,88.1,76.4,89.6,5.5,84.5,79,95,93.1
2015-12-09,75.2,89.1,89.9,71.3,86.2,5.3,80.8,78.5,91.3,89.8
2015-12-10,78.7,90,83.8,72.9,89.2,5.4,75.4,78.3,95.3,93.4
2015-12-11,71.1,84.8,94,66.9,81.4,5.3,69.9,72.9,85.6,84.8
2015-12-12,70.6,83,88.9,65,76.8,5.4,64.9,72.6,79.7,79.7
2015-12-13,68.9,86.2,77.3,59.3,78.3,4.9,66.1,71,76.5,76.9
2015-12-14,76.6,86.4,90.2,75.8,89.1,5.3,84.8,81.3,89.3,88.1
2015-12-15,85.3,89.9,94.4,82.9,92.3,5.3,85.3,85.2,94.5,92.7
2015-12-16,80.2,89.4,91.2,75.1,90.3,44.7,77.5,81.9,92.7,91
2015-12-17,77.9,86.5,90,75.7,88.4,98.8,70.4,81.8,92.6,91
2015-12-18,78,89.3,96.5,76.4,93.5,99.7,82.8,82.3,97.1,94.9
2015-12-19,79.1,91.3,90.8,75.7,91.3,98.7,79.3,81.1,96.8,94.7
2015-12-20,80.6,90.5,88.5,72.5,87.2,95.7,73.7,78.3,96.9,94.7
2015-12-21,78.4,91.2,87.6,72.5,84.1,91.8,72.3,77.8,92.2,90.6
2015-12-22,74.3,88.6,90.4,67.5,83.2,98.8,77.1,74.4,91.9,90.4
2015-12-23,77.8,90.8,86.3,72.3,90.8,91.7,75,79.5,94.6,92.7
2015-12-24,79.7,91.3,86.4,72.3,86.8,94.4,78.4,78,97.7,95.5
2015-12-25,73.8,89.4,86.4,67.7,85.6,92.1,72.8,75.7,90.8,89.4
2015-12-26,79.2,94,87.2,73.4,90.5,98.6,75.1,80.7,98.4,96.1
2015-12-27,77.3,91,93.1,73.4,90.5,97.3,73.2,80.5,95.6,93.6
2015-12-28,78.2,88.5,90.6,74.1,91,99.8,70.2,79.9,97.5,95.3
2015-12-29,82.1,89.4,89.9,71.1,91.2,98.9,72.1,79.3,92.3,90.7
2015-12-30,78.2,87.5,89.1,68.3,89.3,98.9,68.9,75,91.9,90.4
2015-12-31,76.6,86.4,89.6,68.9,89.2,99.8,68.5,76.6,94.4,92.6
2016-01-01,71.3,84.9,90.3,70.7,87.8,96,80.5,77.7,91.1,89.7
2016-01-02,70.6,84.9,91,71.9,87.5,99.8,75.9,77.5,95.4,93.4
2016-01-03,72.6,87.8,89.7,67.2,84.8,98.6,82.9,72.7,87.8,86.8
2016-01-04,68.7,77.2,89,66.6,79.9,99.7,78.9,72.5,86,85.1
2016-01-05,65.6,82,88.8,66.6,81,99.8,85.7,67.8,80.7,80.5
2016-01-06,69.7,85.7,90.5,70.1,82.7,97.9,85.7,76.3,88.7,87.5
2016-01-07,69.3,83.1,89,66.1,79.6,98.5,87.2,72.2,82,81.6
2016-01-08,74.4,87.9,90.9,70.1,84.5,99.8,90.3,74.4,87.4,86.4
2016-01-09,74.9,82.8,89.4,66.4,82.1,97.5,90.9,74.8,82.6,82.2
2016-01-10,72.8,80.5,89.8,64.5,74,97.8,91.6,68.4,86.1,85.2
2016-01-11,73.8,84.1,89.9,66.5,67.1,99.7,91.7,71.6,84.1,83.5
2016-01-12,77.2,89.8,92,72.4,70,99.8,97.7,79.1,86.9,86
2016-01-13,80.8,88.7,92.8,79.2,74.8,99.8,91.3,81.8,89.5,88.2
2016-01-14,70.6,82.4,89.3,70.5,74,99.8,86,74.3,79.3,79.3
2016-01-15,68.8,84,87.2,65.7,80.7,98.9,71,70.3,81.5,81.2
2016-01-16,70.3,80.3,88.2,66.4,77.2,99.7,77.2,70.3,82.4,82
2016-01-17,72.8,84.9,90.5,71.1,86.4,99.9,84.6,77.4,87.5,86.5
2016-01-18,68.6,85.4,89.7,66.9,83.5,99.8,92.8,73.8,81.3,81.1
2016-01-19,70.9,85.4,90.6,71,85.4,98.4,93.1,76.2,83.5,83
2016-01-20,79,89.5,94.9,82.1,92.2,99.9,96.2,84.4,96.6,94.5
2016-01-21,76.5,88.3,92.5,73.8,83.6,99.9,91.2,76.7,93.1,91.5
2016-01-22,72.9,85.5,90.6,76,85.5,95.9,72.2,78.1,93.3,91.6
2016-01-23,59.4,78.5,88.3,70.1,79.4,98.6,57.8,75,92.2,90.6
2016-01-24,66.7,77.7,88.9,69.5,75.4,99.7,70.1,72.7,88.6,87.4
2016-01-25,80.1,82,93.7,78.7,84.7,96.8,94.9,83.9,94.8,92.9
2016-01-26,67.9,76.8,87.9,65.7,78.5,92.9,85.3,73.3,79.9,79.8
2016-01-27,55.4,72.7,82.2,59,66.8,93.9,73.6,58.9,57.1,59.8
2016-01-28,45.9,68,69.4,48.1,56.1,17.3,52.4,48.2,37.5,42.5
2016-01-29,69.6,85.2,86.2,61.8,77.9,95.2,78.6,74.5,75.6,76.1
2016-01-30,77.4,84.8,89.4,68.6,81.3,98.4,87.1,73.2,82.4,82
2016-01-31,73.1,84.1,86.8,61.5,80.7,87,80.5,65.7,82.8,82.4
2016-02-01,64.8,87.5,84.9,62.7,80.2,99.4,73,73.5,68.1,69.4
2016-02-02,66.4,80.7,85.7,58.5,74.8,94.5,80,71.3,75.9,76.3
2016-02-03,79.5,89.6,92.5,75.6,90.7,99.4,94.8,83.8,89.4,88.2
2016-02-04,74,86.6,90.4,68.8,81.2,96,94.2,72.7,85,84.3
2016-02-05,71.1,83.5,88.9,66.6,84.7,91,83.5,73.7,87.4,86.4
2016-02-06,79.7,90.6,90.6,73.1,89.8,94.7,76.6,80.9,93.7,92
2016-02-07,75.9,90.9,90.6,70.4,90.4,97.2,70.2,78.8,99.3,96.9
2016-02-08,82.5,92.9,93.7,77.4,93.9,99.9,84.2,84,101.6,98.9
2016-02-09,92.6,94.2,95.3,84.6,98.6,99.9,87.8,90,101.8,99.1
2016-02-10,84.6,91.7,92.7,79.3,95.9,97.1,79.9,86.3,97.2,95
2016-02-11,87.9,92.3,93.6,80.1,94.5,99.9,81,85.8,100,97.5
2016-02-12,85.1,92.7,92.9,80.6,94.7,96.8,75,87.6,100.8,98.2
2016-02-13,78.9,85.8,91.2,78.1,90.2,98.9,71.9,85.1,93.6,91.8
2016-02-14,75.8,85.3,90.1,70.1,88.7,98.1,73.2,80.2,93.9,92.1
2016-02-15,79.1,91.9,92.2,75.3,95.2,99.9,76.9,83.9,99.2,96.8
2016-02-16,80.1,90.2,91.6,77,93.1,98.7,69.9,84.7,98.4,96.1
2016-02-17,80.4,91.6,92.3,76.8,93.5,99.9,77.9,84.7,97.5,95.3
2016-02-18,81.8,89.2,91.3,74.6,91.2,98,74.5,82.9,96.1,94.1
2016-02-19,76.3,88.3,90.2,71.5,89.9,99.9,73.4,78.6,92.2,90.6
2016-02-20,77,88.1,91.5,75.2,89.4,99.9,74.4,82.2,96.1,94.1
2016-02-21,76.9,87.6,92,74.2,89.6,99.9,87.2,82.1,92.2,90.6
2016-02-22,82.6,90.7,94.7,81.7,92.6,99.1,96.2,87.7,96.4,94.3
2016-02-23,81.6,88.1,92.6,75.9,89.2,93.8,91.2,83.7,94.6,92.7
2016-02-24,86.2,91.8,94.3,83.2,96,96.6,89.8,89,97.6,95.4
2016-02-25,84.3,88.3,93,79.8,91.4,97.2,90.9,86.1,92,90.4
2016-02-26,81,90.3,93.7,76.3,91.8,99.9,94.8,82.8,95.6,93.6
2016-02-27,69.7,84.2,90,67.8,86.3,98.9,91.3,77.4,83.7,83.2
2016-02-28,78.6,90,92.6,76.2,92.6,99.9,86.4,83.3,94.6,92.7
2016-02-29,86.9,92.8,94.1,81.6,97.8,99.3,82.3,88,101.3,98.6
2016-03-01,87.6,91.2,93.5,81.6,94.2,99.9,83.9,89.4,95.9,93.8
2016-03-02,84.4,88.2,91.8,77.2,91.9,99.9,82,84.6,91,89.6
2016-03-03,80.8,92.2,94,80.1,92.9,99.9,90.2,83.7,97.1,95
2016-03-04,85.6,89.2,95.3,82.9,91.9,99.9,98.9,87.2,96.5,94.4
2016-03-05,84.6,90.6,94.4,82.6,93.7,99.1,91.8,87.3,96.5,94.4
2016-03-06,81,84.2,92.5,76.1,85.5,97.7,99.4,81.9,86.5,85.6
2016-03-07,88.9,89.5,95,87.1,91.2,96.6,91.4,88.8,96.6,94.5
2016-03-08,78,87.4,91.8,76.8,88.8,90.3,89.3,83.1,91.6,90.1
2016-03-09,79.6,88.8,93.1,78.2,89.7,99.3,89.8,82.2,93.3,91.6
2016-03-10,83.4,83.3,93,77.7,89.9,97.8,91.6,81.1,93.3,91.6
2016-03-11,76.8,87.9,92.9,75,86.3,98.6,92.4,81.1,94.3,92.4
2016-03-12,89.8,88.1,95.5,85.1,91,99.2,95.1,85.9,98.3,96
2016-03-13,89.4,92.3,95.2,86.4,95.9,97.6,95,90.1,96.4,94.3
2016-03-14,80.5,87.1,93.7,80,91,97.8,91.7,83.9,95.4,93.5
2016-03-15,77.9,89.6,92,75.3,89.8,99.5,79.9,82,96,94
2016-03-16,81.5,88.6,93.2,78.9,92.4,99.9,82.8,83.2,97.8,95.5
2016-03-17,86.1,89.6,94.5,86.6,96.7,99.9,78.5,89.4,101.1,98.4
2016-03-18,82.8,90.2,93.1,80.6,93,99.9,78.9,85.3,97.7,95.5
2016-03-19,82.1,91.2,92.8,77.6,92,99.9,81.3,84.7,97.6,95.4
2016-03-20,84.4,92.4,94,81.2,95.8,99.6,82.9,86.2,100.7,98.1
2016-03-21,84.7,92.4,93.2,79.2,95.9,99.3,79.1,85.5,100.4,97.8
2016-03-22,85.7,90.9,92.4,76.4,90.5,99.9,82.2,83.1,95.8,93.8
2016-03-23,84.4,90.1,92.4,75.2,94.7,99.8,80.3,84.3,98.2,95.9
2016-03-24,81.1,87.1,91.9,80.5,94.8,93.9,78.2,86.1,93.9,92.1
2016-03-25,77.9,84.6,90.4,75.3,84.8,97.1,74.7,83,90.2,88.9
2016-03-26,88.8,91.9,94.2,83.6,96.6,97.1,84.1,88.9,99.9,97.4
2016-03-27,85.7,90.8,93.7,81,94.5,99.9,87.3,87.5,95.8,93.8
2016-03-28,81.9,88.1,93.6,81.8,76.9,99.8,88.6,84.9,93.8,92
2016-03-29,76.5,87.7,92.9,77.6,83,96.7,91.2,82.5,93.2,91.5
2016-03-30,84.5,87.7,93.6,82.5,91.3,97.7,87.6,86.7,94.7,92.8
2016-03-31,77.8,88.7,92.6,78,87.6,96.1,88.6,83.5,92.9,91.3
2016-04-01,86.8,88.6,95.4,82.7,92.8,99.2,98.1,89,98.3,95.9
2016-04-02,84.7,85.7,94.6,81.4,89.4,98,96.6,86.4,96.1,94.1
2016-04-03,93.3,91.4,95.1,89.6,90.1,88.2,92.3,92.9,99,96.6
2016-04-04,81.1,86.2,92.8,79.4,87.7,97.7,91.6,82.4,90.4,89.1
2016-04-05,84.4,88,93.7,83.8,90.2,94.6,90.6,85.6,93.5,91.8
2016-04-06,78.1,86.5,91.8,77.4,87.8,97.7,80.4,82.3,92.9,91.2
2016-04-07,81.8,86.9,92.4,80.4,92.8,98.5,76.8,86.2,95.7,93.7
2016-04-08,81.3,88.2,92.4,81.3,92.3,99.9,76.8,86,94.3,92.5
2016-04-09,82,88,92.3,78.1,92.8,99.7,82.7,85,93.1,91.4
2016-04-10,82.3,87.5,94.4,81.9,93,99.9,92.3,86.9,96,93.9
2016-04-11,84,86,93.2,76.2,87.5,99.9,96.3,82.3,91.7,90.2
2016-04-12,87.4,82.6,93.1,77.8,85.9,96.3,93.2,85.6,93.6,91.9
2016-04-13,88.7,88.9,94.7,83.4,91.4,99.9,90.9,88.1,97.5,95.3
2016-04-14,84.1,86.9,93.5,81,90.7,98.2,89.9,86.2,93.7,91.9
2016-04-15,77.5,84.7,92,75.7,90,99.4,84.3,83.2,92.7,91
2016-04-16,80.8,89.5,93.4,79.3,92.4,96.6,89.8,86.3,95.9,93.8
2016-04-17,86,92.2,92.9,78.6,93.5,95.8,82.7,86.9,98.5,96.1
2016-04-18,85.8,90.1,91.9,72.5,92.4,99.2,81.9,84.2,97.1,94.9
2016-04-19,81.8,90.6,91.9,76.5,91.8,99.2,77.3,85.6,95.7,93.7
2016-04-20,77.3,87.1,91.2,73.6,87.4,98.5,76,81.9,95.3,93.4
2016-04-21,80.5,87.7,91.7,76.2,90.8,99.2,78.5,82.6,93.9,92.1
2016-04-22,81.4,89.5,91.9,75.4,91.2,99.9,76.2,83.4,97.3,95.1
2016-04-23,84.3,92.3,93.2,79.5,92.3,99.9,85.3,85.2,95.7,93.7
2016-04-24,78.7,88,91.8,74.1,85,99.9,93.7,82.3,86.9,86
2016-04-25,77.2,85.3,89.7,68.7,81.7,94,91.3,76.6,83.5,83
2016-04-26,71.7,85.2,90.7,69.9,85.6,99.2,88.3,77.7,87.6,86.6
2016-04-27,76.9,86.2,90.6,72.4,84.1,97.5,89.5,79.5,84.5,83.9
2016-04-28,92.9,92.3,96.4,88.9,96.7,96.7,97.5,90.8,99.9,97.4
2016-04-29,87.1,87.6,92.8,81.7,89.1,87.4,91.5,84,93.4,91.7
2016-04-30,83.5,87.6,93.5,82,91.1,95.9,85.2,87.2,97.2,95
2016-05-01,84.2,85,93.5,81.8,89.3,96.8,92.3,84.7,92.4,90.8
2016-05-02,79.1,85.9,92.6,77.9,87.1,90.6,92.6,81,93.4,91.7
2016-05-03,76.6,85.6,91.4,75.4,93.2,97.2,78.6,82.8,93.8,92
2016-05-04,83.2,85.4,92,78.1,92,98,81.2,84.8,92.8,91.2
2016-05-05,81.5,87.7,92.9,79.9,94.1,98.1,85.8,84.9,93.6,91.8
2016-05-06,81.5,87.5,92.3,77.2,91.4,89.7,91.1,84.9,93.9,92.1
2016-05-07,83,89.3,93.2,81.8,91.8,92.8,87.9,87.4,95.2,93.3
2016-05-08,80.4,90,92.2,76.6,86.1,98,91.5,82.9,89,87.8
2016-05-09,80.7,89.5,93.6,77.2,89.8,97.6,96.6,85.6,94.5,92.6
2016-05-10,81.3,86.9,93.5,78,87.8,96.7,96.9,86.5,93.1,91.4
2016-05-11,78.2,87.7,92.8,78,91.5,95.6,92,84.3,92.3,90.7
2016-05-12,81.3,88.8,90.8,73.5,90.4,91.6,79.8,81.1,94.2,92.4
2016-05-13,80.3,88.6,91.6,73.5,92.3,98,75.2,81.4,98.6,96.2
2016-05-14,80.6,89.6,92,77,93.2,98.8,78,86.1,96,93.9
2016-05-15,77,89,90.9,72.5,89.8,97.4,76.9,82.1,94.8,92.9
2016-05-16,85.2,90.9,92,75.8,92.5,99.4,85.5,84.7,91.6,90.1
2016-05-17,85.6,90.6,92.8,79.5,94.6,99.7,84.9,85.9,93.2,91.5
2016-05-18,81,87.1,90.7,73.6,87.6,96.6,81,80.5,89.9,88.6
2016-05-19,75.3,84.3,88.7,66,83.6,99.7,77.6,76.5,86.1,85.3
2016-05-20,87.2,90,93.1,77.3,92.9,99.6,82.8,86.2,98.6,96.3
2016-05-21,77.9,83.7,89.4,69.6,89.4,95.9,73.1,81.5,91.2,89.7
2016-05-22,80.7,90,91.5,72.5,92.4,97.4,77.1,82.8,98.6,96.2
2016-05-23,80.4,86.5,90.7,72.9,89.8,97.9,72.8,81.8,95.3,93.4
2016-05-24,84.5,92,92.1,78.1,93.8,98.6,78.6,84.8,95,93.1
2016-05-25,82.9,91.2,93.3,77.3,95.9,79.9,79.1,85.5,95.9,93.9
2016-05-26,82.1,86.7,90.1,77.5,85.5,85.9,79.7,79.7,88.1,87
2016-05-27,74.1,84.3,90.5,69.9,85.9,80.9,67.4,76.9,84.6,84
2016-05-28,83.3,89,89.1,75.5,91.1,82.3,79.2,80.8,94.4,92.5
2016-05-29,84.9,90.8,90.1,82.4,94,81.8,93.5,88,99.5,97.1
2016-05-30,82.8,87.1,84.8,76.2,81.8,81.9,89.3,80.8,88.9,87.7
2016-05-31,79.3,87,84.8,76.4,84.6,82,88.3,83.1,87.9,86.8
2016-06-01,79.2,89.8,87.6,75.1,89.6,82.6,89.5,84.3,94.5,92.6
2016-06-02,90.3,90.8,89.8,88.6,95.6,81.9,97.4,91,103.9,100.9
2016-06-03,90.4,89.6,88.1,87.7,92.6,66.6,91.2,89.5,102.3,99.5
2016-06-04,87.9,88.2,93.7,82.3,89.1,65.9,83.2,85.6,98,95.7
2016-06-05,79.4,86.4,94.8,78.7,84.7,91.5,83.4,82.3,94,92.2
2016-06-06,86.2,86.1,89.8,84.3,90.7,83.1,89.6,86.5,99.3,96.9
2016-06-07,80.8,86.2,82.2,78.2,88,76.6,84.5,82.7,94.5,92.6
2016-06-08,84.9,88.3,90.3,81.6,91.6,61.7,81.3,85.7,96.8,94.6
2016-06-09,73.9,81.6,82.2,71.2,83.7,72.6,71.7,79.5,88.1,87
2016-06-10,81.9,89.2,90.7,80.1,87,90.7,81.9,84.2,95.3,93.3
2016-06-11,85.1,89.1,82.6,81.9,95.5,85.4,77.6,87.7,96.9,94.7
2016-06-12,85.2,92.6,82.1,79,96.2,90.8,81.8,86.6,96.5,94.4
2016-06-13,85,92.2,81.6,81.8,95.8,87.3,82.8,86.3,97.2,95.1
2016-06-14,84.4,88.5,69.4,74.6,89.7,91.2,78.3,83.2,93.6,91.9
2016-06-15,80.1,88.3,84,77.2,93.5,94.5,77.1,83.5,93.2,91.5
2016-06-16,84.6,93.3,81.2,82.8,98.2,87,83,88.3,98,95.7
2016-06-17,84.9,89.7,88.6,80.7,96.1,85.8,78.3,87,96.4,94.3
2016-06-18,85.9,92.5,89.8,83.5,95.1,81.2,81.4,87.3,98,95.7
2016-06-19,87.2,92,85.1,80.4,95.7,86.9,80,86.4,97,94.9
2016-06-20,90.7,94,77.7,87.3,97.2,85.1,85.1,90.3,101.6,98.9
2016-06-21,83.8,92.7,87.2,81.2,96.3,92.3,83.3,87.4,97.2,95
2016-06-22,91.9,93.1,90.2,86,98.9,86.8,81.4,91.7,101.4,98.7
2016-06-23,89.6,92.2,92.9,79.9,98.5,81.5,78.2,87.2,97.4,95.2
2016-06-24,87.3,90.6,82.9,83.7,96.6,85.7,86.5,88.5,99.5,97
2016-06-25,84.4,89.5,86.4,80.6,92.4,92,77.6,83.2,95.1,93.2
2016-06-26,80.9,89.4,85.4,75.2,93.6,91.2,76.8,81.2,92.1,90.5
2016-06-27,81.8,90.8,88.9,73.9,94.7,92.4,74.9,81.7,91.9,90.3
2016-06-28,80.8,92.7,81.8,76.6,97.8,97.7,77,85.6,93.8,92
2016-06-29,81.1,90.3,87.5,76.8,97,97.5,71.8,84,92.6,91
2016-06-30,73.4,83.1,88.3,74.2,93.6,94.8,69.9,80.9,88.9,87.7
2016-07-01,78.1,85.3,86.5,77.6,91,88.7,74.1,82.4,92,90.4
2016-07-02,84.1,92.1,95.6,79.3,97.4,94.8,76.8,86.1,95.4,93.4
2016-07-03,80.2,87,87.8,72.7,91.5,80.6,79.5,82.8,92.1,90.6
2016-07-04,79.2,85.9,84.9,75,89.3,82.2,74.8,83.1,91.9,90.3
2016-07-05,82.1,87.4,88.8,79.7,88.8,87.4,87,85.4,96.3,94.3
2016-07-06,78.5,88.6,90.7,73.8,90,84.7,76.8,81.8,91.3,89.9
2016-07-07,78.5,88.5,97.9,76.3,92.7,94,73.6,83.2,91.9,90.4
2016-07-08,79.5,89.1,90.4,72.9,93.4,96.7,71.7,82.7,90.8,89.4
2016-07-09,78.1,83.3,91.2,65.1,87.6,93.3,67.7,78.2,86.5,85.7
2016-07-10,76.5,89.5,94.7,69.7,91.8,97.1,72,79.6,88.4,87.3
2016-07-11,78.9,88.5,87.9,73.1,91.8,88.5,73.1,81.4,90.6,89.2
2016-07-12,82.5,88.3,93.2,74.2,88.5,89.9,78.1,81.9,92.6,91
2016-07-13,83,87.1,95.8,76.8,89.7,92.3,79.4,85.7,94.7,92.9
2016-07-14,85.1,89.3,96.6,79.8,94.8,97.3,76.1,86.2,95.7,93.7
2016-07-15,77.8,84.7,90.6,70.9,86.5,88.4,75.6,81.1,90,88.7
2016-07-16,74.5,84.8,91.1,68.4,83.6,76.2,70.6,77.8,86.8,85.9
2016-07-17,80.8,89.5,90.8,74.4,90.8,85.8,74.6,82,91.8,90.3
2016-07-18,77.9,89.3,80.9,72.5,92.4,85.1,72.8,82,90.3,88.9
2016-07-19,80.7,91.7,95.4,78,91.9,87.4,77.3,84.2,93.7,92
2016-07-20,81.7,91.5,95.3,80.3,94.8,87.1,75.1,85.3,94.6,92.7
2016-07-21,87.2,91.3,88.1,80.8,91.5,91,78.9,85.5,96.7,94.6
2016-07-22,82.6,88.6,95.4,76,84.8,91.9,76.1,81.5,92.7,91.1
2016-07-23,85.4,86.7,86.4,72.5,85.1,87.7,76.5,79.5,92,90.4
2016-07-24,77.8,88.3,97.6,71.1,86.4,85.5,73,77.7,88.7,87.5
2016-07-25,81.8,89.5,88.9,78.7,92.6,76.9,73.2,84.2,93.6,91.8
2016-07-26,78.9,90.2,87,72.2,88.6,97.4,74.3,81.8,90.6,89.2
2016-07-27,79,89.2,92.9,78,95.9,97.7,69.2,85.6,92.5,90.9
2016-07-28,80.2,92.4,94,73.4,92.6,97.1,74.5,82,91.4,89.9
2016-07-29,85.7,93.8,89.7,76,94.8,96.5,79.6,85.5,95.1,93.2
2016-07-30,86.1,93.6,90.1,82.4,97.3,91.3,78.9,88.1,97.6,95.3
2016-07-31,83,92.5,93.8,77,92.5,88.7,76.2,83.2,93.6,91.8
2016-08-01,79.8,85.8,90.5,72.3,88,86.1,72.1,82.3,90.7,89.3
2016-08-02,78.9,85.5,88.6,73.3,88.1,86,69.1,81.3,90,88.7
2016-08-03,85.1,92,90.3,76.5,94.7,81.7,72.4,83.7,93.5,91.8
2016-08-04,75.4,87.5,94.1,73.3,89.1,70,66.7,79.2,88.2,87.1
2016-08-05,74.1,84.6,91.2,69.3,83.2,74,64.8,78,86.2,85.3
2016-08-06,74.2,84.9,86.4,67.3,83.5,75.8,68.6,76.2,85.7,84.9
2016-08-07,80.2,89.8,87.6,73.2,93.1,67.7,71.6,82.9,91.1,89.7
2016-08-08,79.6,89.4,84.8,75.3,91.9,70,73.1,83.1,91.8,90.3
2016-08-09,78.9,88.8,83.7,73.2,86.2,80,70.5,80.8,90.1,88.7
2016-08-10,77.2,86.3,81.7,71.8,86.4,79.1,66.7,78.3,88,86.9
2016-08-11,82,92.7,92.9,76.6,93.8,87.4,72.8,82.5,92.5,90.9
2016-08-12,77.4,87.7,90.4,71.3,87.3,83.4,68.8,79.2,88.5,87.3
2016-08-13,70.1,75.5,90.6,66.3,82.1,77.8,56.1,76.7,82.7,82.2
2016-08-14,75,80.2,78.7,69,84.9,80.6,65.3,78.2,86.4,85.6
2016-08-15,73.6,83.8,91.1,68.4,85.4,90.9,65.8,75.1,85.1,84.4
2016-08-16,82,89.1,92.5,73.2,92.5,94.6,69.1,82,90.9,89.5
2016-08-17,78.2,86.6,90.2,70.9,87.8,85.9,66.3,78.6,88,86.9
2016-08-18,80,89,81.6,73.4,93.8,90.5,70.8,82.3,90.8,89.4
2016-08-19,76.8,89.9,82.1,68,85.9,83,70.3,77.5,87.2,86.2
2016-08-20,74.8,86.3,89.2,67.3,82.7,89.5,65.5,77.5,85.8,85
2016-08-21,73.5,81.6,92.6,65,81.8,99.3,62.6,76.6,84.1,83.5
2016-08-22,76.3,88.9,87.8,69.2,91.1,96.8,71.8,78.9,88,86.9
2016-08-23,73.9,82.6,89.5,66.1,84.1,90.6,59.2,75.7,83.8,83.2
2016-08-24,59.3,73.2,87.6,57,69.3,80.6,47.9,66.8,73.5,74.2
2016-08-25,74.2,82.2,77.9,63.6,76.4,81.3,60.6,73.3,82.7,82.3
2016-08-26,86.3,91.3,87.1,79.3,94.9,95.1,71.6,85,94.8,92.9
2016-08-27,77.1,84.6,95.6,69.3,83.2,76.3,68,77.2,87.2,86.2
2016-08-28,73.2,82.9,88.1,66.4,81.9,64.4,68,75.8,85,84.3
2016-08-29,72.4,82.9,81.3,64.7,80.6,69.7,72.5,74.4,84.7,84
2016-08-30,75.7,89.8,89.8,70.9,86.1,78.1,77.5,79.3,89.3,88.1
2016-08-31,76.3,87.9,90.4,69.7,84.5,74.1,86.7,75.8,89.5,88.2
2016-09-01,82,90.8,79.6,78.1,92.1,78.5,78.5,86.2,94.8,92.9
2016-09-02,76.3,87.2,88.8,68.4,84.4,83.6,76.1,76.3,87.7,86.7
2016-09-03,74.5,87.6,92.9,67.3,84.5,81.7,69.8,74.3,85.4,84.7
2016-09-04,70.7,83.1,82.2,66.8,81.5,83.8,73.8,74.2,84.9,84.2
2016-09-05,80,89.4,89.3,79.2,94.2,97.2,77.1,86.3,94.4,92.6
2016-09-06,81.2,86.8,91.7,77.6,91.4,96.2,70.8,82.9,92.4,90.8
2016-09-07,74.6,81.7,91.7,70.6,84.4,96.1,58.7,78,85.7,84.9
2016-09-08,70.8,79,88.2,64,80.1,84.1,66,73.6,82.9,82.4
2016-09-09,71.6,82.8,84.4,67.9,88,88.7,66,75.7,84.7,84.1
2016-09-10,82.8,88.3,85,75.7,94.9,83.3,70.1,83.4,92.3,90.7
2016-09-11,83.7,88.7,94.7,83.5,94.7,96.5,77.2,87.6,96.9,94.7
2016-09-12,72.1,79.8,94.6,67.7,78.2,91.3,64.8,74.3,84.2,83.6
2016-09-13,68.2,77.7,88.3,61.8,77.4,82.4,77.9,70.1,82.4,82
2016-09-14,81,87.2,96.6,78.2,87.1,73.2,84.1,83,94.6,92.7
2016-09-15,78.4,84.3,92.3,76.5,82.7,83,73.6,80,91,89.6
2016-09-16,74.6,84.2,91.5,72.8,82.8,97.6,69.2,80.3,88.5,87.4
2016-09-17,75.4,83,92,72.4,85.6,96.6,67.5,78.5,87.9,86.8
2016-09-18,74.5,83.5,83.1,73.9,84.4,97,71.1,79.2,88.8,87.6
2016-09-19,86.9,91.3,93.8,88.2,94.6,89.6,85,89.9,100.8,98.1
2016-09-20,82.2,92.9,92.7,78.5,90.2,99.9,77.1,84.3,94.2,92.4
2016-09-21,75.5,87.4,90,73.7,83.7,99.7,66.4,79.8,88.4,87.3
2016-09-22,74.5,85.7,84.6,69.7,84.2,97.6,67.6,75.2,86,85.2
2016-09-23,83.5,88.9,89.5,75.3,93.1,97.7,72.1,83,92.6,90.9
2016-09-24,82.2,91.7,96,75.7,90.6,99.2,73.1,81.8,92.2,90.6
2016-09-25,78.5,91.4,90.7,73.9,89.6,98.3,74.5,79.6,90.4,89
2016-09-26,74.2,86.4,93.4,71.8,84.4,87.1,69,79.3,87.8,86.8
2016-09-27,73,86.1,93.6,67.2,85.3,83.4,71.4,75.4,85.6,84.8
2016-09-28,83,90.3,90.7,76,92.1,86.9,73.9,81.5,92.5,90.9
2016-09-29,72.7,84.6,87.8,69.1,81,96.1,76.5,76.6,87.1,86.2
2016-09-30,76.2,84.9,92.3,70.1,82.8,83.4,89.6,77.8,90.6,89.2
2016-10-01,85,83.2,94.7,84,83.1,86.9,87.7,86.5,98.6,96.3
2016-10-02,78.7,85.5,92.8,81,88.1,86.8,83.2,86,95.5,93.5
2016-10-03,74.5,87.7,87.1,76.5,87.2,80.3,70.2,82.5,90.2,88.9
2016-10-04,75.5,88.3,91.5,76.8,88.5,87,77.4,82.2,91.6,90.1
2016-10-05,80.8,89.4,89.7,80.9,94.2,83.8,89.9,83,96.1,94.1
2016-10-06,77.8,85.9,92.8,69.6,85.8,80.4,89.4,73.7,89.6,88.4
2016-10-07,78.8,83.3,93.1,77.1,84.6,78.4,94.4,73.5,92.6,90.9
2016-10-08,75.3,85,90.4,74.5,85.1,70.3,87.2,79.6,91.7,90.2
2016-10-09,76.4,88.4,91,75,88.6,80.6,87.3,82.6,92.9,91.3
2016-10-10,75.9,88.7,86.4,74.1,89.9,87.2,87.7,82.4,92.6,90.9
2016-10-11,75.9,88.4,82.8,76.5,88.5,86.4,92.8,83.9,94.4,92.6
2016-10-12,73.8,83.5,89.5,73.5,86.1,80.8,83.6,78.2,90.1,88.8
2016-10-13,78.3,85.1,95.4,81.8,91.7,81.7,84.6,83.8,95.2,93.2
2016-10-14,73.3,84.8,92.8,72.4,85.4,84.8,76,80,89,87.8
2016-10-15,71.3,85.1,90.1,71,85.1,90.8,74.6,77.9,87.4,86.4
2016-10-16,72.1,80.6,92.6,73.4,85.4,89,78.7,80.3,89.5,88.2
2016-10-17,65.3,80.4,91.2,65.6,78.8,80.4,69.9,74.6,82.8,82.3
2016-10-18,71,86.6,89.9,67.4,78,79.8,65,75.7,84.3,83.7
2016-10-19,62.3,77.4,81.6,63.7,75.3,86.4,59.3,72.8,79.4,79.4
2016-10-20,72.5,86,81.7,68.1,80.8,84.7,72.9,75.7,86,85.2
2016-10-21,72.2,83.8,88.7,69.6,83.7,92.3,71.1,76.7,86.4,85.5
2016-10-22,73.4,86.5,84.1,69.9,83.6,85.1,79.4,77.3,88.1,87.1
2016-10-23,74.2,83.5,89.6,72.7,82.6,90.5,87.4,77.7,90.4,89
2016-10-24,78.6,86,86.8,75.8,82.4,92.5,85.8,79,92.5,90.9
2016-10-25,78,79.6,87,70.7,83.3,87.9,88.3,72.7,89.5,88.3
2016-10-26,60.1,69.6,86.5,52.5,75.5,77.4,75.9,59.2,74.6,75.2
2016-10-27,50,57.1,86.8,49.1,59,70.6,41.6,53.6,64.4,66.2
2016-10-28,68.5,83,86.4,65.7,84.3,63.7,53.5,74.1,81,80.8
2016-10-29,74.3,85.5,87.1,75.1,84.2,58.1,69.8,80,89.1,87.9
2016-10-30,68.5,84.1,83.3,67.4,78.3,55.6,69.2,73.8,83.7,83.2
2016-10-31,70.1,82.3,86.4,70.3,79,57.9,75.4,76.7,86.7,85.8
2016-11-01,69.7,79.6,77,66.3,79.8,61.5,68.1,75.7,83.7,83.2
2016-11-02,69.7,80,90.3,64,77.6,64.3,75.5,68.1,85.8,85
2016-11-03,76.2,87.9,92.4,77.7,88.6,68.3,81.7,81.5,94.3,92.5
2016-11-04,73.1,86.2,80.6,75,88,52.5,68.2,82.2,93.3,91.6
2016-11-05,76.4,89,88.1,80.6,92.5,54.8,66.9,85.2,99.7,97.2
2016-11-06,72.5,86.6,74,73.6,88.3,69,71.1,80.7,96.2,94.2
2016-11-07,74.7,87.6,87.9,65.6,79.6,82.2,81.9,73.7,87.8,86.7
2016-11-08,72.1,84.9,79.9,64.2,79.6,79.7,83.6,71,86.3,85.4
2016-11-09,69.8,86,85.4,68.6,81.3,93.2,80.2,75.3,85.7,84.9
2016-11-10,74.5,85.4,96.7,74.5,84.7,95.2,85.6,79.1,84.9,84.2
2016-11-11,84.5,91.3,87.8,83.8,90.9,97.2,96.2,89.5,96,93.9
2016-11-12,75.6,84.5,84.5,77.1,82,98.6,94,79.3,88.1,87
2016-11-13,72,82.1,90.5,67.8,79.7,99.8,95.2,70.1,84.9,84.2
2016-11-14,70.9,74.7,89.3,63,80.1,96,90.1,66.3,84.9,84.2
2016-11-15,58.7,59.8,81.5,57,71.2,90.2,37.1,57.5,70,71.1
2016-11-16,51,50.5,83.5,45,55.8,78.2,16.2,52.3,51.5,54.8
2016-11-17,53.5,63.3,86.9,57.9,73.7,77.3,62.2,58.8,67.7,69.1
2016-11-18,63.5,77.7,93,67.6,80.9,78.9,67,69.5,78.5,78.6
2016-11-19,72.4,79.4,95.3,67.5,86.3,72.5,79.2,69.5,78.2,78.3
2016-11-20,50.4,52.3,84.7,38.6,57.7,58.7,6.6,50,35,40.3
2016-11-21,46.5,48.8,70.3,35.6,57.5,58,32.4,46.3,40.6,45.3
2016-11-22,62.3,72.8,73.3,53.6,74.2,64.8,52.4,60.8,71.5,72.4
2016-11-23,71.6,84.4,89.8,66.6,83.1,54.3,64.4,71.3,86.9,86
2016-11-24,69.4,85.2,83.2,65.4,82.7,57.8,64,65,85.8,85
2016-11-25,75.4,89.8,82.5,71.9,83.9,54.4,56.6,72.2,94.6,92.8
2016-11-26,78,89.2,73.7,70.9,86.3,67.1,80,76.4,88.9,87.7
2016-11-27,77.2,87.3,77.1,72.3,82.8,77.6,75.5,75.2,88.4,87.2
2016-11-28,72,85,83,69.7,81.5,78.3,77.2,75,86.8,85.9
2016-11-29,76.2,88.6,88.6,75.1,91.6,71.2,70.1,80.4,96.9,94.7
2016-11-30,72.5,90.1,87.2,72.5,83.4,80.1,71.3,77.8,93.1,91.4
2016-12-01,77.3,87.4,80.8,74.2,85,90.9,66.7,79,95.4,93.4
2016-12-02,80.8,87.8,81.1,77.8,85.4,93.7,88.7,80.3,94.7,92.8
2016-12-03,84,88.7,77.9,85,92.7,93.1,93.2,85.4,95.5,93.5
2016-12-04,77.2,85.8,75.5,76.9,85.3,93.4,89.3,80.8,90.2,88.9
2016-12-05,78.1,83.8,93.9,72.6,83.1,99.4,89.9,72.9,90.5,89.1
2016-12-06,76.4,82.4,88.1,69.4,84,99.2,89.2,80.5,91.1,89.7
2016-12-07,72.7,84.3,91.7,71.7,83.1,97.6,90.2,80.5,88.1,87.1
2016-12-08,76.9,82.2,91.9,75.4,84.4,99.6,90.1,80.5,88.5,87.4
2016-12-09,73.4,81.4,89.8,64.9,79.1,96.7,86.4,80.5,83.2,82.7
2016-12-10,68.3,77.2,88.1,69.1,81.2,91.7,71.2,80.5,83.6,83.1
2016-12-11,69.1,81.4,80.7,69.7,80.2,89.1,52.3,80.5,83.6,83.1
2016-12-12,73.7,86.6,88.9,70.2,82.2,94.8,71.3,80.5,88.2,87.1
2016-12-13,75.6,83.3,94.2,70.1,80.5,99.4,83.6,80.5,86.4,85.5
2016-12-14,78.9,83.4,91.9,73,82.6,91.2,90.5,80.5,85.6,84.8
2016-12-15,85.2,88.3,94.6,78.2,90.9,89.8,93.6,80.5,93.9,92.1
2016-12-16,89,91.1,94,89.1,97.6,84.2,88.7,80.5,99.7,97.2
2016-12-17,83.5,86.3,84.9,80.5,86.8,90.1,82.6,80.5,95.8,93.8
2016-12-18,79.5,85.7,81.9,76.1,86.9,98.1,88.1,80.5,91,89.6
2016-12-19,83.8,87.1,84.4,78.6,88.1,94,90.5,80.5,94.5,92.6
2016-12-20,76.8,84.9,80.9,78.9,87.1,97,85.9,80.5,92.2,90.6
2016-12-21,69,77.9,80.7,70.7,81.4,99.9,88.7,80.5,80.3,80.1
2016-12-22,66.2,72.5,81.4,65.6,80,98.9,74.5,68.2,81.3,81.1
2016-12-23,69.8,78.9,79.3,65.9,84.4,93.6,65.3,80.5,85.5,84.8
2016-12-24,75.1,86.1,75.3,77.3,87,98.1,82.2,80.5,91.6,90.1
2016-12-25,80,86.3,84.2,76.4,87.4,97.8,83.3,80.5,93.4,91.7
2016-12-26,80.2,88.5,81.4,76.6,87.5,89.8,87.5,80.5,87.9,86.8
2016-12-27,74.2,84.3,78.7,72.8,83.8,94.9,86.1,80.5,86.8,85.9
2016-12-28,76.8,89.6,84.6,76.9,93.4,93.6,87.8,80.5,90.5,89.1
2016-12-29,69.3,79.1,90.1,67.2,83.5,96.2,80.8,80.5,83,82.6
2016-12-30,73.7,86.3,88.6,78.2,89.1,99.9,85.9,80.2,93.7,92
2016-12-31,75,86,84.9,66.4,84.2,98.7,89.9,70,89.2,88
2017-01-01,75.5,86.3,87.2,75.7,90.3,98.8,87.3,80.5,95.2,93.3
2017-01-02,80.8,86.3,85,77.6,94,97.9,85.6,80.5,98.9,96.5
2017-01-03,73.6,86.3,80,72.7,83.5,99.4,84.7,79.9,87.1,86.1
2017-01-04,70.9,86.3,90.9,71.3,84.5,99.3,89.9,72.4,89.1,87.9
2017-01-05,81.4,86.3,93.1,78.3,91.4,99.9,95,80.3,96,94
2017-01-06,85,86.3,94,78.8,96.7,99.1,87.5,80,99,96.6
2017-01-07,78.6,86.3,97.9,75.9,91.9,99.9,89.2,77.4,95.4,93.4
2017-01-08,81.4,86.3,98.3,77.3,89.6,99.9,94.2,80.2,92.2,90.6
2017-01-09,82.1,86.3,97.5,78.5,87.5,99.3,96,80.5,95.2,93.3
2017-01-10,91.3,86.3,92.5,82.1,91.2,99.9,96,81.7,99.6,97.1
2017-01-11,85.5,86.3,87.7,76.6,87.2,99.7,88.7,75.1,94.4,92.5
2017-01-12,80.7,86.3,90.3,76.9,88.6,99.9,92.1,80.5,92.2,90.6
2017-01-13,83.7,86.3,95.4,77.6,91.8,99.9,92.2,78.2,94.7,92.8
2017-01-14,79.8,86.3,93.9,75.5,86.9,99.9,94.2,72.3,95.1,93.2
2017-01-15,84.9,86.3,91.5,78.6,86.1,98.9,90.8,80.5,96.1,94
2017-01-16,73.4,86.3,87.6,71,85.8,99.7,85,72.8,88,86.9
2017-01-17,71.7,86.3,95.6,69.2,83.1,99.1,82,70.1,87,86.1
2017-01-18,67.8,86.3,95,64.1,82.7,95.8,63.3,68,83.3,82.8
2017-01-19,68.7,86.3,94.7,65.1,77.1,91.6,79.8,67,77.7,77.9
2017-01-20,84.1,86.3,98.7,79.2,90.5,99.9,99.2,76.8,98.5,96.2
2017-01-21,86.3,86.3,83,76.3,86.5,97.9,84.7,76.5,93.1,91.5
2017-01-22,78,86.3,82.9,74.2,82.7,79.9,93.5,80.5,82.9,82.4
2017-01-23,55.3,73,85.4,55.3,70.8,95.6,64.4,62.2,64.3,66.1
2017-01-24,52.4,71.4,84.4,53,71.1,90.5,59.1,60,60.6,62.9
2017-01-25,82,86.3,90.7,77.4,92.1,91.3,85.5,79.7,97.8,95.5
2017-01-26,79.8,86.3,92.9,75.7,90.4,99.1,83.1,77.2,97.2,95
2017-01-27,81.1,86.3,93.2,76.6,91.8,99.9,77.9,80.5,99.3,96.9
2017-01-28,83.2,86.3,94,77.2,97.2,99.7,78.3,79.8,99.9,97.4
2017-01-29,80.1,86.3,96.5,76.1,91,99.9,78.8,80.5,97.5,95.3
2017-01-30,80.6,86.3,99.2,76.3,91.2,99.1,91.2,78.8,92.5,90.9
2017-01-31,83.4,86.3,93.3,79.4,91.7,98.1,95,80.5,98.2,95.9
2017-02-01,80.1,86.3,94.4,77.2,89.6,99,92.1,80.6,94.1,92.3
2017-02-02,79.4,86.3,96.9,77.9,90.9,99.4,96.2,80.6,95.2,93.3
2017-02-03,84.3,86.3,91.9,78.9,95.1,99.9,90.5,79.2,99.4,97
2017-02-04,85.1,86.3,91.7,76.8,92.3,96.8,80.7,78.1,97,94.8
2017-02-05,87,86.3,96.4,76.8,94.5,99.8,78.5,78.8,95.6,93.6
2017-02-06,80.5,86.3,95.5,76.5,90.9,99.6,81,80.5,97.5,95.3
2017-02-07,80.8,86.3,93.8,75.3,89.7,99.8,79.9,76.4,97.3,95.1
2017-02-08,76.8,86.3,97.6,72.8,88.2,99.9,91.7,73.1,87.5,86.5
2017-02-09,76.9,86.3,95.2,73.5,88.3,99.9,90.2,74.9,89.4,88.1
2017-02-10,75.4,86.3,90.3,69.5,83.2,99.8,94.4,68.3,79.4,79.4
2017-02-11,78,86.3,82.4,75.9,88.2,97.1,94.6,77.1,93.1,91.4
2017-02-12,71.1,86.3,95.2,70.1,88.9,99.8,93.1,70.6,84.1,83.5
2017-02-13,69.5,86.3,93.8,67,83.3,99.8,90.8,64.4,81.1,80.9
2017-02-14,73.4,86.3,88.2,69.5,84,96.6,87.6,68.4,85.2,84.5
2017-02-15,81.5,86.3,92.5,76.4,89.6,95.3,88.3,78.3,93.9,92.1
2017-02-16,74.3,86.3,90.5,74.5,87.4,93.1,89.1,75.5,96,94
2017-02-17,75.3,86.3,93.5,74.8,85.1,90.3,93.4,75.6,93.6,91.8
2017-02-18,70.2,86.3,87.1,70.3,84.4,95.1,81.9,72.4,90.6,89.2
2017-02-19,71.1,86.3,92.3,68.5,82.1,92.1,85.8,71.5,80.7,80.5
2017-02-20,76.9,86.3,91.7,73.3,84.6,97.8,95.2,71.5,89.5,88.3
2017-02-21,79.9,86.3,92.4,73.7,83.9,96.4,91.9,71.7,89.9,88.6
2017-02-22,90.9,86.3,95,80.9,89.4,97.3,95.2,78.5,99,96.6
2017-02-23,81.7,86.3,85.8,77.1,88.8,97.3,96.2,75.1,95.6,93.7
2017-02-24,86.8,86.3,87,78.2,91.3,95.8,96.4,74.7,95.6,93.6
2017-02-25,91.6,86.3,88.5,82.1,94.6,92.8,99.4,80.8,98.3,96
2017-02-26,87.8,86.3,91.8,79.8,92.7,93,92.6,80.5,96.8,94.7
2017-02-27,80.2,86.3,88.1,78.1,88.2,96.9,95.5,80.5,96,94
2017-02-28,83.1,86.3,85.7,77,88,93.5,97.9,75.1,92.7,91
2017-03-01,82.6,86.3,92.3,77.3,91.2,95.9,96.6,75.9,94.7,92.8
2017-03-02,81.7,86.3,92.2,77.4,89.1,96.9,89.6,80.5,95.1,93.2
2017-03-03,81.1,86.3,96.4,76.6,90.9,99.9,94,76.9,93.7,92
2017-03-04,84,86.3,90.4,77.2,91.9,98.6,89.9,82.3,92.6,90.9
2017-03-05,81.2,86.3,94.4,76.9,89.8,99.8,87.9,81.6,94.9,93
2017-03-06,81,86.3,98,75.6,87.7,99.9,85.5,76.7,94.9,93
2017-03-07,81.4,86.3,95.6,77.4,89.9,99,92.4,79,95.2,93.2
2017-03-08,81.5,86.3,90.1,78.2,90.6,93.9,95.8,80.5,94.7,92.9
2017-03-09,84.9,86.3,91.1,79.6,90.3,94.1,98.6,80.5,95.5,93.5
2017-03-10,90.2,86.3,93.7,81.4,95.8,93.3,94.9,80.5,99.6,97.1
2017-03-11,87.1,86.3,89.2,79.7,92.3,95.4,94.2,77.8,99.2,96.8
2017-03-12,84,86.3,88.7,79.3,91.2,91.9,96.4,78,99.2,96.7
2017-03-13,82.5,86.3,87.4,77.5,87.7,98,94.8,80.7,92,90.5
2017-03-14,81.8,86.3,91.5,78.3,94,92.2,98,80.5,96.6,94.5
2017-03-15,88.8,86.3,80.9,80.3,86.7,86.8,94.1,79,98.7,96.4
2017-03-16,82.2,86.3,88.1,74.9,85.3,92.6,86.7,74.3,92.6,91
2017-03-17,83.4,86.3,86.9,76.6,91.3,95.7,88.9,74.7,96.5,94.4
2017-03-18,81.8,86.3,88.9,76.6,88.7,96.3,92.3,76.5,94.3,92.5
2017-03-19,87.2,86.3,88.2,78,90.5,93.9,88.4,77.5,95.9,93.9
2017-03-20,86.3,86.3,86.4,77.4,87.9,89.6,88.1,76.1,96.3,94.2
2017-03-21,81.6,86.3,91.3,76.1,87.7,93.9,89.1,75.8,95.2,93.3
2017-03-22,87.4,86.3,98.2,79.4,94.1,92.1,89.5,80,97.9,95.6
2017-03-23,82.3,86.3,87.4,76.7,90.9,94.5,94.6,75.9,93.7,92
2017-03-24,89.1,86.3,96.2,79.9,92.4,96.6,98.7,77.8,95.4,93.4
2017-03-25,87.5,86.3,84.1,78.4,89.8,95,91.7,76.2,96.6,94.5
2017-03-26,91.1,86.3,90.6,81.8,93.8,92.3,99,79.7,99.1,96.7
2017-03-27,87.6,86.3,88.6,78.9,91,94.6,91.6,77.4,97.3,95.1
2017-03-28,87.6,86.3,84.6,77.6,88.5,88,91.4,76.2,93.7,92
2017-03-29,80.2,86.3,89.7,77.4,89.5,96.6,96.4,76.8,96.4,94.3
2017-03-30,81.9,86.3,96.7,77.1,86.2,101.5,95.7,76.2,94.5,92.7
2017-03-31,93.3,86.3,91.2,82.5,95.3,102.5,97.5,80.5,99.9,97.4
2017-04-01,87.4,86.3,80.9,79.1,91,87.9,87.9,80.5,97.5,95.3
2017-04-02,85.9,86.3,87.7,79.3,90.1,95.4,87.5,83.1,96.8,94.6
2017-04-03,83,86.3,96.3,78.5,91.6,103.3,85.5,86.4,94,92.2
2017-04-04,81.8,86.3,89.3,77.9,87.5,95.9,86.7,83.5,95.1,93.2
2017-04-05,84.4,86.3,83.9,79.2,94.9,92.3,81.1,88.8,95.5,93.5
2017-04-06,89.1,86.3,99.4,81.6,95.4,109.9,86.3,87.3,99.1,96.7
2017-04-07,83.8,86.3,93.2,80,93.6,103.3,87.9,87,97.2,95
2017-04-08,84.3,86.3,95.5,81.4,90.3,108.9,96.8,87.3,97,94.9
2017-04-09,83,86.3,91.4,81.5,90.8,106,98.9,87,97.8,95.5
2017-04-10,84.4,86.3,87.2,79.1,89.1,95.8,93.4,81.2,96.4,94.3
2017-04-11,87.4,86.3,92.7,80.1,90.4,101.5,94.4,80.5,97.4,95.2
2017-04-12,82.4,86.3,93.6,78.1,92,100.5,92.3,80.5,95.6,93.7
2017-04-13,80.2,86.3,99.3,76.7,95.6,103.3,80.9,80.5,98.6,96.3
2017-04-14,81.3,86.3,90.9,76.1,94.7,93.4,77.4,80.5,97.2,95
2017-04-15,76.9,86.3,93.8,74.7,91.3,95.4,76.6,80.5,96.3,94.3
2017-04-16,80.9,86.3,89.1,75.9,90.8,91.4,79,80.5,95.8,93.7
2017-04-17,80.4,86.3,88.2,76.7,89.5,92.7,82.7,80.5,97.2,95
2017-04-18,77.9,86.3,86,78.5,88.6,96.8,93.6,82,99.2,96.8
2017-04-19,86.4,86.3,99.6,81.8,93.8,112.5,95.3,85.7,99.3,96.9
2017-04-20,81.8,86.3,88.9,78.9,90.7,99.9,95.9,87.3,92.7,91.1
2017-04-21,85.2,86.3,87.6,79.4,92.1,96.2,89.7,84.7,95,93.1
2017-04-22,76.4,86.3,89.6,73.6,87,89.2,82.8,79.9,88.9,87.8
2017-04-23,79.9,86.3,93.9,75.9,89.3,96.6,84.9,80.7,92.9,91.2
2017-04-24,81,86.3,97.8,78.2,89.9,105.2,88,83.9,96,94
2017-04-25,82.5,86.3,90.4,77.3,85.4,95.6,94.1,78.8,93,91.3
2017-04-26,87.7,86.3,87.5,80.4,90.3,97.2,96.6,84,93.4,91.7
2017-04-27,81.2,86.3,94.2,76.8,87.7,98.4,89.7,81.6,91.4,89.9
2017-04-28,83.3,86.3,89.4,78.6,91.7,96.9,84.2,83.3,98.5,96.1
2017-04-29,87.5,86.3,88.5,81.4,94.8,100,84.6,88.7,99.3,96.9
2017-04-30,84.2,86.3,92.4,79.9,94.8,102,84.6,86.7,98.7,96.3
2017-05-01,80,86.3,89.5,77.4,91.4,95.7,80.5,83.9,98.1,95.8
2017-05-02,83.3,86.3,97.4,78.2,90.1,103.1,79.4,84.7,97.8,95.5
2017-05-03,79.5,86.3,88.6,76.2,90.1,92.3,79.5,83.1,95,93.1
2017-05-04,85.3,86.3,97.3,81.1,95,109.1,89.6,88.3,98,95.7
2017-05-05,86.8,86.3,93.8,80.7,93.3,104.1,90.2,86.5,96.5,94.4
2017-05-06,84.9,86.3,90.3,80.8,90.9,102.2,96.5,86.6,94.9,93
2017-05-07,86.5,86.3,89.3,81.7,90.9,102.6,99.5,86.1,95.7,93.7
2017-05-08,83.2,86.3,87.6,80.2,89.1,99.4,97.7,83.9,96.4,94.3
2017-05-09,83,86.3,88.1,80.6,89.6,100.7,97.5,85,96.9,94.7
2017-05-10,90.1,86.3,96.8,83.3,92.4,111.3,95.6,88.3,98.8,96.4
2017-05-11,88.6,86.3,91.1,82,90,103.8,98.2,84.8,97.1,94.9
2017-05-12,86.7,86.3,90.6,80.6,86.9,101.1,97.7,82.3,96.3,94.2
2017-05-13,83.7,86.3,88.4,78,88,94.5,93.4,80,93.5,91.7
2017-05-14,89.2,86.3,99.9,81.8,93.3,110.9,91.1,85.7,98.7,96.4
2017-05-15,91.6,86.3,97.8,83.1,91.6,110.6,89.7,90.2,97.8,95.5
2017-05-16,82,86.3,92,78.8,88.5,100.5,90.7,83.7,95.9,93.9
2017-05-17,82.1,86.3,95.7,78.8,88.9,104.2,92.1,84.2,94.7,92.8
2017-05-18,79.9,86.3,99.8,76.7,86.8,104.2,88.7,82.7,91.7,90.2
2017-05-19,77.9,86.3,99.2,76,86.6,103.4,92.8,81.5,90,88.6
2017-05-20,86.2,86.3,96,81.2,93.8,107.5,90.1,88.3,96.9,94.8
2017-05-21,86.8,86.3,91.6,81.9,93.5,104.7,94.1,88.5,96.6,94.5
2017-05-22,82.2,86.3,98.7,79.8,91.7,109.2,95,86.6,94.1,92.3
2017-05-23,83,86.3,92.6,78.2,90.2,99,84.6,84,95.9,93.9
2017-05-24,80.7,86.3,97.2,76.2,91.1,99.9,77.6,81.7,96.7,94.6
2017-05-25,83.8,86.3,94.7,77.2,93.3,98.2,80.2,82.6,95.2,93.2
2017-05-26,79.1,86.3,87.7,76.4,90.9,92.4,81.2,82.7,95.8,93.8
2017-05-27,81.3,86.3,92.2,75.2,90,92.4,74.1,81.7,94.1,92.3
2017-05-28,78.6,86.3,95.9,74.7,91.3,96,71.9,84.9,92.3,90.7
2017-05-29,81.8,86.3,85,74.6,86,83.8,75.5,82.5,89.2,88
2017-05-30,81.1,86.3,91.2,75.7,89.6,92.8,78,82.8,92.7,91.1
2017-05-31,83.5,86.3,96.6,79,94.2,104.4,81.4,86.7,97.8,95.6
2017-06-01,80.4,86.3,96.4,76.9,89.5,101,77.5,83.6,98,95.7
2017-06-02,80.2,86.3,86.3,76.5,89.1,90.6,78.4,82.8,96.7,94.6
2017-06-03,84.6,86.3,89.6,79.3,91.9,97.9,82.1,85.1,99.3,96.9
2017-06-04,84.9,86.3,95.2,78.6,95.1,101.2,79.3,83,99.8,97.3
2017-06-05,85.5,86.3,98.8,78.2,93.3,103.3,77.2,83.8,98.2,95.9
2017-06-06,72.1,86.3,96.3,65.1,78.6,77.7,65.7,75,73.9,74.5
2017-06-07,72.8,86.3,98.5,67.4,80.4,84.9,73.3,74.2,78.8,78.9
2017-06-08,80.7,86.3,93.2,76.8,84.2,98.1,94.9,82,88.8,87.6
2017-06-09,86.8,86.3,90.3,80,85.9,99.2,90.5,84.9,95.1,93.2
2017-06-10,89.6,86.3,98.5,81.5,94.1,108.7,89.3,88.5,95.3,93.3
2017-06-11,80.8,86.3,99,77.6,88.8,105.2,91.8,84.2,91.1,89.7
2017-06-12,78.7,86.3,99.2,74.3,85.3,99.1,91.8,76.5,88.2,87.1
2017-06-13,85.6,86.3,99.8,79.5,92.3,107.5,83.2,85.9,97.7,95.5
2017-06-14,90.6,86.3,89.7,82,96.7,101,85.6,88.3,98.9,96.5
2017-06-15,85.9,86.3,94,79.8,93.5,102.4,80.2,86.9,99.2,96.8
2017-06-16,85,86.3,97.2,79.4,93.5,104.8,80.6,86.7,98.2,95.9
2017-06-17,75.8,86.3,98.8,74.4,85.3,100.2,87.7,81.9,87.8,86.7
2017-06-18,75.4,86.3,99.9,74.2,84,101,89.2,78.9,89.8,88.5
2017-06-19,77.3,86.3,94.2,75.7,91.2,97.9,83.7,83.3,92.5,90.9
2017-06-20,92.3,86.3,99.9,83.8,97.3,114,92.2,89.6,99.3,96.9
2017-06-21,84.7,86.3,97.9,80.9,96.2,109.1,83.3,89.5,99.9,97.4
2017-06-22,83.8,86.3,98.2,76.2,85.8,98.9,75.6,82.6,93.7,92
2017-06-23,76.5,86.3,89.8,71.6,82.7,84.4,74.3,79.4,86.3,85.4
2017-06-24,76.2,86.3,99.9,73.6,86.8,98.7,73.3,80.2,94.5,92.6
2017-06-25,82.5,86.3,93.6,75.6,89.8,93.8,73.4,83.8,92.5,90.9
2017-06-26,80.7,86.3,99.3,77.8,90.4,105.7,86,84.8,94.7,92.9
2017-06-27,79.3,86.3,97.8,74.3,85.2,97.3,87.6,78.9,87.6,86.6
2017-06-28,79.7,86.3,95.1,78,89.6,103,88.6,86,94,92.2
2017-06-29,80,86.3,99.8,78.3,91.1,107.7,85.7,85.6,96.9,94.7
2017-06-30,79.5,86.3,92.8,75.7,91.4,95.1,73.1,83.5,96.6,94.5
2017-07-01,74.9,86.3,98.8,74.3,92.6,99.8,67.4,83.4,98.6,96.3
2017-07-02,80.3,86.3,99.6,77,91,104,75.1,83.4,99.9,97.4
2017-07-03,81.6,86.3,91.4,78,95.1,97.9,77.9,85.2,99,96.6
2017-07-04,81.7,86.3,95.7,76.2,92.3,97.8,76.1,82.9,95.1,93.2
2017-07-05,81.3,86.3,98.6,75.5,93.3,99.1,74.9,84.2,92,90.5
2017-07-06,82.2,86.3,89.2,77.1,90.6,93.4,75.1,83.5,98.2,95.9
2017-07-07,82.6,86.3,95.3,78.3,97.4,101.7,74.5,87.9,98.4,96.1
2017-07-08,75.5,86.3,93.5,73.6,92.3,92.9,69.9,82.8,94.2,92.4
2017-07-09,75.5,86.3,86.1,72.5,92.1,83.4,68.2,79,95.1,93.2
2017-07-10,76.7,86.3,85.6,67.2,85.5,69.7,59.6,78.3,77.9,78.1
2017-07-11,63.7,86.3,97.9,67.6,82.5,89.6,60.3,77.6,93,91.4
2017-07-12,63.9,86.3,89.3,61.8,75.5,67.4,43.9,74.5,82,81.7
2017-07-13,64.2,86.3,97.8,62.2,76.8,76.3,54.9,73.9,77.2,77.4
2017-07-14,71.3,86.3,89.9,67.3,79.8,77.6,75.1,73.5,80,79.9
2017-07-15,69.6,86.3,87.6,67.1,80.5,75.8,73.7,75.3,79.4,79.4
2017-07-16,67.6,86.3,85.3,67.6,79.2,76.3,82.6,71.2,82.9,82.4
2017-07-17,82,86.3,93.8,77.1,94.1,97.9,77.7,84.9,95.5,93.5
2017-07-18,86.3,86.3,97.6,78.9,97.3,103.2,79.2,84.5,98,95.7
2017-07-19,83.3,86.3,87,79,96.2,95.2,78.4,87.1,99.1,96.7
2017-07-20,74.9,86.3,82.4,70.9,86.9,77,78.3,75.7,86.9,85.9
2017-07-21,72.5,86.3,99.6,66.2,84.2,83.2,65.3,72.3,81.2,80.9
2017-07-22,83.9,86.3,93,77.9,96.8,97.9,73.1,84.6,99.9,97.4
2017-07-23,76.4,86.3,86.4,74.5,92.1,88,71.4,79.9,99.7,97.2
2017-07-24,82.7,86.3,98.5,77.6,98.1,103.3,78.7,82.9,98.7,96.3
2017-07-25,86.7,86.3,97.9,80.4,97,106.8,82.7,87.5,98.3,96
2017-07-26,84.3,86.3,99,78.6,94.4,105,80.2,86.9,95.6,93.6
2017-07-27,69.2,86.3,91.9,69.5,84.2,85.6,70,79.2,87.9,86.8
2017-07-28,86.7,86.3,98.3,78.6,95.2,103,76.1,84.5,98.3,96
2017-07-29,88.9,86.3,94.9,79.4,93.4,100.5,77.5,84.3,99,96.6
2017-07-30,85.4,86.3,93.2,77.9,91.8,97.3,75.3,84.3,97.6,95.4
2017-07-31,85.2,86.3,92.1,75.9,91,91.7,74.4,81.1,93.6,91.9
2017-08-01,78.8,86.3,83.6,70,85,73.6,73,76.6,81.2,80.9
2017-08-02,72.5,86.3,82.1,67.1,79.8,74.9,71.4,72.5,80.9,80.7
2017-08-03,75.3,86.3,82.3,72.4,88,79.7,73,78.7,92.3,90.7
2017-08-04,79.7,86.3,90.6,73.1,89.8,83,69.3,80.3,91.3,89.8
2017-08-05,81.8,86.3,92.1,75.8,92,83.8,72.6,82.1,96.4,94.3
2017-08-06,77.3,86.3,96.5,72.8,90.1,76.3,70.1,79,93.4,91.7
2017-08-07,82,86.3,94.9,76.1,93,84,76.3,81.1,96.3,94.2
2017-08-08,84.4,86.3,92.8,79.1,90.7,76,83.9,84.9,97.5,95.3
2017-08-09,80.7,86.3,84,75.5,91.6,82.7,70.5,81,98.6,96.3
2017-08-10,79.5,86.3,94,73.6,83.7,89.6,72.4,78.6,93.8,92
2017-08-11,75.3,86.3,88.5,71.7,80.9,85,83.7,77.8,84.3,83.7
2017-08-12,73.7,86.3,91.7,72.1,82.4,83.6,79,80.6,87,86.1
2017-08-13,74.5,86.3,87,71.9,85.9,86.6,72.8,76.6,93.6,91.9
2017-08-14,66,86.3,95.3,60.6,69.5,81.7,60.7,66.2,74.3,74.9
2017-08-15,69,86.3,93.2,66.8,80.7,79.4,66.8,72.3,86.5,85.7
2017-08-16,76.4,86.3,90.7,72.4,86.9,74,72.2,79.3,90.9,89.5
2017-08-17,71.3,86.3,90.5,65.8,78.5,77,73.5,70.7,77.6,77.8
2017-08-18,77.2,86.3,90.5,73.9,86.5,80.5,85.5,77.8,90.4,89
2017-08-19,80.7,86.3,90.5,75.6,84.5,86.4,83.5,82.8,89.5,88.3
2017-08-20,75.2,86.3,90.5,71.2,81.8,82.8,74.2,78.6,87.2,86.2
2017-08-21,87.3,86.3,90.5,79.6,96,78.2,76.8,87.4,98.3,96
2017-08-22,85.2,86.3,90.5,77.9,95.2,85,75.4,83.4,98.7,96.4
2017-08-23,76.8,86.3,90.5,71,83.8,94.3,72.7,77,87.1,86.1
2017-08-24,72.8,86.3,90.5,67.4,81,88.4,72,70.7,84,83.4
2017-08-25,81.6,86.3,90.5,77.7,94.3,74.6,76.6,85.7,98.3,96
2017-08-26,79.5,86.3,90.5,74.4,88.4,84.5,79.4,81.6,89.4,88.2
2017-08-27,85.8,86.3,90.5,77.8,90.7,87.2,81.9,85,92,90.5
2017-08-28,82.7,86.3,90.5,78.7,89.5,91.6,80.6,85.7,98.8,96.4
2017-08-29,84.3,86.3,90.5,77.9,90.4,96.2,72.7,86.7,97.4,95.2
2017-08-30,82.3,86.3,90.5,75.8,89.7,86.2,74.2,80.4,97.1,94.9
2017-08-31,76,86.3,90.5,71,86.6,90.9,67.5,79.8,88,87
2017-09-01,77.2,86.3,90.5,72.7,87.7,93.5,69.3,79.9,92.7,91.1
2017-09-02,76.8,86.3,90.5,74.4,91.5,92.6,69,81.4,98.3,96
2017-09-03,80.2,86.3,90.5,72.6,88.7,93.8,69.4,77.9,91.4,90
2017-09-04,75.8,86.3,90.5,69.3,87.6,98.5,65.9,76.4,85.7,84.9
2017-09-05,68.3,86.3,90.5,63.4,77.3,85.3,65.3,70.9,75.6,76
2017-09-06,78.9,86.3,90.5,74.7,91.6,91.2,73.2,80.8,95.7,93.7
2017-09-07,71.4,86.3,90.5,66.6,78.7,90,70.4,71.8,81.5,81.3
2017-09-08,75.3,86.3,90.5,71.2,82.7,86.8,78.3,76.6,86.4,85.5
2017-09-09,79.5,86.3,90.5,76.3,87.5,81.1,87.3,78.4,96.2,94.2
2017-09-10,80.3,86.3,90.5,75.7,86.6,87.2,77.6,81.4,95.4,93.4
2017-09-11,75.7,86.3,90.5,71.4,85.9,91.1,73.7,77.8,88.4,87.3
2017-09-12,73.1,86.3,90.5,69.1,83.9,80.9,71.6,75.3,85.8,85
2017-09-13,77.7,86.3,90.5,75.3,89.4,80.9,75.4,81.3,97.5,95.3
2017-09-14,78.1,86.3,90.5,74.9,91.2,88.6,75.7,81.5,95.2,93.3
2017-09-15,77.5,86.3,90.5,73.9,91.7,92.6,72.1,80,95.7,93.7
2017-09-16,78.3,86.3,90.5,75.4,92.2,90.4,73.8,82,97.5,95.3
2017-09-17,78.1,86.3,90.5,73.9,91.1,88.8,70,80.2,95.9,93.8
2017-09-18,75.8,86.3,90.5,74.2,94.3,95.5,70.4,83.6,95.7,93.7
2017-09-19,63.7,86.3,90.5,64.1,78.1,91,53.2,72.7,88.2,87.1
2017-09-20,65.4,86.3,90.5,62.6,75,88.2,50.8,71.5,82.9,82.5
2017-09-21,68.2,86.3,90.5,62.1,77.3,81.4,57.6,68.7,77.3,77.5
2017-09-22,75.9,86.3,90.5,70.6,84.2,79.6,66.2,78.4,88.6,87.5
2017-09-23,80.9,86.3,90.5,75.3,90,84.6,73.2,83.1,94,92.2
2017-09-24,78.7,86.3,90.5,74.9,91,85.2,73.4,82.1,95.4,93.4
2017-09-25,79,86.3,90.5,75.2,90.3,88.1,72.7,82.2,96.6,94.5
2017-09-26,73.8,86.3,90.5,71.2,82.8,87.4,73.2,77.5,90.3,88.9
2017-09-27,71.3,86.3,90.5,68,80.6,85.8,76.2,74,81.5,81.2
2017-09-28,75,86.3,90.5,72.6,84.7,83.4,80.5,77.3,90.8,89.4
2017-09-29,72.3,86.3,90.5,72.7,87.5,86.3,87.4,77.1,89.9,88.6
2017-09-30,86.1,86.3,90.5,80.4,92.6,95.7,86.8,85.7,99,96.6
2017-10-01,77.5,86.3,90.5,74.6,83.7,92.7,83.7,82.1,89.4,88.1
2017-10-02,69.3,86.3,90.5,68.5,81.5,84,80.1,74.6,82.7,82.3
2017-10-03,72.8,86.3,90.5,70.9,80.6,91.7,86.5,72.7,87.4,86.4
2017-10-04,83,86.3,90.5,80.6,92.4,97.8,98.7,84.9,96.4,94.3
2017-10-05,78.3,86.3,90.5,77.3,89,96.6,81.2,85.5,97,94.8
2017-10-06,80.9,86.3,90.5,77.3,87.9,98.3,79.3,84.6,96.9,94.8
2017-10-07,78.4,86.3,90.5,74.5,83.4,84,77.1,79.5,94.6,92.8
2017-10-08,74.8,86.3,90.5,71.2,80.4,86.6,81.7,79,82.2,81.8
2017-10-09,79.4,86.3,90.5,75,86,92.8,82.7,82.6,88.7,87.6
2017-10-10,77.1,86.3,90.5,72.8,84.8,85,76.4,78,91.2,89.7
2017-10-11,75,86.3,90.5,71.8,84.8,94.8,73.1,77.1,91.9,90.3
2017-10-12,77.5,86.3,90.5,72.4,86.3,95.8,74,77.2,91.2,89.8
2017-10-13,77.8,86.3,90.5,73.1,85,98.3,76.2,78.1,91.8,90.2
2017-10-14,78.1,86.3,90.5,72.8,83.3,94.5,72.9,79,91,89.5
2017-10-15,81.8,86.3,90.5,76.4,94.4,98.2,71.6,83.4,97.9,95.7
2017-10-16,80,86.3,90.5,76.4,96.5,99.5,71.7,84.6,98.3,96
2017-10-17,76.9,86.3,90.5,74.2,89.9,98.7,69.9,81.2,97.3,95.1
2017-10-18,78.7,86.3,90.5,74.1,91.3,96.6,69.3,80.7,96.1,94
2017-10-19,76.2,86.3,90.5,71.1,83.7,97.9,67.1,78.7,89.9,88.6
2017-10-20,73,86.3,90.5,71,82.4,98.1,72.4,77.2,90.8,89.4
2017-10-21,79.3,86.3,90.5,77.3,91.3,94.5,87.4,81.8,96.8,94.7
2017-10-22,81.9,86.3,90.5,78.6,94.6,88.3,85.3,85.3,96.6,94.5
2017-10-23,83.5,86.3,90.5,79.5,93.5,98.4,83.5,86.9,98.5,96.1
2017-10-24,78.6,86.3,90.5,77,86.3,99.9,89.5,81.9,94.6,92.7
2017-10-25,73.7,86.3,90.5,73.6,86.4,98.3,87.2,80.7,88.3,87.2
2017-10-26,77.9,86.3,90.5,74,87.9,95.9,89.2,80.5,92.7,91.1
2017-10-27,78.6,86.3,90.5,79.4,86.6,99,85.2,81.3,90,88.7
2017-10-28,79.1,86.3,90.5,81.3,89.4,91.8,95.6,81,92.4,90.8
2017-10-29,64.8,86.3,90.5,66,74.9,87,53.3,65.4,72.9,73.6
2017-10-30,63.2,86.3,90.5,62.1,70.2,91.6,58.2,63.5,64.6,66.3
2017-10-31,64.5,86.3,90.5,61.8,76.4,83.3,60.5,67.1,73.8,74.4
2017-11-01,79.7,86.3,90.5,79.8,82.9,81,83.5,79.6,92.3,90.7
2017-11-02,82,86.3,90.5,71.9,80.9,83,82.5,75.3,90.7,89.3
2017-11-03,72.8,86.3,90.5,67.3,84.4,88.9,80.1,76.3,81.2,80.9
2017-11-04,63.3,86.3,90.5,53.2,77.6,77.6,69.2,64.8,67.6,69
2017-11-05,63.1,86.3,90.5,57.1,79.2,66,52.7,62,71.1,72.1
2017-11-06,69.6,86.3,90.5,63.1,84.5,68.6,57.3,74.4,86,85.2
2017-11-07,73.7,86.3,90.5,71.2,84.3,62.2,65.6,75.3,83.5,83
2017-11-08,71.5,86.3,90.5,66.4,85.4,67,63.1,66.1,79.5,79.4
2017-11-09,74.8,86.3,90.5,65.1,85.6,53.9,65.9,66.4,88.5,87.4
2017-11-10,76.7,86.3,90.5,68.1,83.9,55,65.9,71.1,88.2,87.1
2017-11-11,76.8,86.3,90.5,74.4,85.5,59.8,73.8,80.1,92.2,90.7
2017-11-12,75.8,86.3,90.5,73,87.6,62.7,74.6,78,88,86.9
2017-11-13,77.2,86.3,90.5,77.5,88.4,69.3,80.6,79.9,91.4,89.9
2017-11-14,84.6,86.3,90.5,82.8,89.1,79.3,88.7,87.5,95.9,93.9
2017-11-15,89.9,86.3,90.5,87.4,92,92.2,95.3,87.7,95.6,93.6
2017-11-16,82.9,86.3,90.5,77.8,90.7,76.5,94.3,78.7,90.6,89.2
2017-11-17,69.1,86.3,92.3,62.2,84,66.7,80.8,66,87.5,86.5
2017-11-18,68,86.3,89.6,57.3,77.5,75.6,66.6,61.4,78.3,78.4
2017-11-19,77.4,86.3,94.4,61,83.7,71.6,73.3,64.8,85.2,84.5
2017-11-20,80.6,86.3,89.8,80.4,88.8,72.4,78.6,80.1,91,89.5
2017-11-21,80.9,86.3,88.6,80.4,85.9,83.3,83.7,82,89.3,88.1
2017-11-22,73.5,86.3,92.4,72.6,83.9,86.8,84.5,75.7,84.8,84.1
2017-11-23,88.4,86.3,97,87.8,93.7,91.7,94.1,89.6,97.7,95.4
2017-11-24,81.2,86.3,90,80.5,86.3,90.4,85.6,83.7,93,91.3
2017-11-25,77.2,86.3,91.2,75.6,85.5,93.4,83.3,78.1,90.8,89.4
2017-11-26,76.9,86.3,92.6,77,87.2,97,82.4,80,90.4,89
2017-11-27,81.4,86.3,88.1,80.9,93,98.4,80.9,83.4,94.3,92.5
2017-11-28,84,86.3,98.7,80.8,92.6,99.8,85,83.9,96.8,94.7
2017-11-29,89,86.3,95.1,81.3,93.5,96.8,82.8,83.3,99.5,97
2017-11-30,76.3,86.3,87.7,76.3,84.9,94.2,91.4,79.4,84.7,84.1
2017-12-01,80,86.3,92.5,81.2,84.9,96.2,95.1,78.1,92.2,90.6
2017-12-02,84.6,86.3,90.9,84.4,88.6,95.2,93.2,82.8,98.2,95.9
2017-12-03,83.9,90.5,92.4,81.9,91.9,99.4,87.8,85.8,96.6,94.5
2017-12-04,84.9,90.6,87.9,81.3,93.2,99.6,82.8,85,95.9,93.9
2017-12-05,83.7,87.9,83.4,77.4,87.4,98.9,81.7,80.8,97.6,95.4
2017-12-06,79.7,83.9,81.1,64.3,83.8,97.4,75.9,79.2,91.3,89.8
2017-12-07,72.3,82.9,86.3,69.2,84.2,99.4,74,75.5,89.4,88.2
2017-12-08,74.5,84.3,86.7,72.5,85.7,99.6,84.8,76.7,88.8,87.6
2017-12-09,76.1,85,91.7,74.8,85.6,99.7,90.8,76.8,88.6,87.5
2017-12-10,80.5,84.6,91.1,74.6,83.8,97.4,92.5,72.8,89.8,88.5
2017-12-11,82.3,84.5,88.1,74.7,81.8,97.1,89.5,72.4,88.6,87.5
2017-12-12,78.8,85.3,91.4,75.1,85.2,95.2,76.3,76.2,87.6,86.6
2017-12-13,70.3,78.4,90.5,58.9,78.6,64.5,54.2,69.1,69,70.3
2017-12-14,71.4,82.4,81,69.9,81.7,78.9,75.3,75.6,82.9,82.5
2017-12-15,73,83,83.9,70.3,83.1,94.2,70.3,75.6,87.7,86.7
2017-12-16,72,82.3,91.1,69.9,82.3,95.2,81.6,74.1,83.9,83.4
2017-12-17,74.7,83.1,89,66.2,85.4,93.9,82.2,76,87.9,86.8
2017-12-18,73.1,84.6,86.4,73.3,88.2,95.9,72.7,76.2,91.5,90
2017-12-19,75.4,83.5,86.9,68.2,86.1,95.6,75.1,75.3,89.1,87.9
2017-12-20,79.4,85.7,91.3,72.6,91,97.3,85.9,80.8,94.9,93
2017-12-21,78.4,85.1,90.5,73.4,90,99.1,93.5,80.4,93.1,91.5
2017-12-22,80.3,88.3,93.7,73.5,94.5,97.4,86.2,81.3,94.5,92.6
2017-12-23,74.5,81.8,91.8,74.2,90.8,99.2,82.2,78,89.5,88.3
2017-12-24,73.4,81.3,92.4,73.8,88.3,99.9,87.9,77.6,90.2,88.8
2017-12-25,82.9,82.9,91.6,73.5,89,99.8,98.3,81.5,92.6,91
2017-12-26,87.4,86.4,98.6,74.7,88.6,99.2,99.8,86.9,96.8,94.7
2017-12-27,83.4,83.6,84.2,75.7,90.7,97.3,97.4,84.1,92.9,91.3
2017-12-28,84.4,81.4,85.3,74.1,89.2,97.2,95.6,82.9,91.3,89.8
2017-12-29,84.1,81.2,87.4,74.2,89.3,94.5,93.9,82.5,92.6,90.9
2017-12-30,87.9,83.2,95.5,73.2,87.1,97.1,89.6,85.8,94.2,92.4
