Date,E05,E09,E06,E01,E08,E07,E04,E03,E02,E02-2,E09-2,E03-2
2015-01-01,75.2,86.3,97.2,70.7,87.2,97.7,83.1,78.7,88.8,87.5,88.4,78.8
2015-01-02,78.9,86.2,88.7,66.6,80.6,99.8,74.5,74.3,94.1,92.1,83.7,73.9
2015-01-03,77.2,86.3,84.3,67.4,84.7,98.7,78,75.3,94.2,92.2,92.8,75
2015-01-04,85.4,86.3,93.5,75.7,92,99.5,80.5,83.5,98.2,95.6,93.3,83.9
2015-01-05,81.5,86.3,83.4,69.1,87.1,98.1,81.4,78,96.5,94.2,93.8,78
2015-01-06,77,86.3,88.6,69.8,86.9,97.1,72.7,76.2,91,89.4,89.5,76
2015-01-07,77.3,86.3,87.4,66.8,90.6,99.8,73.8,74.5,90.5,89,87.6,74.2
2015-01-08,74.2,86.3,94.8,71.8,89.4,98.7,72.5,78,91.1,89.5,85,78
2015-01-09,88,86.3,92.6,84.4,97.4,98.9,81.4,87.9,100,98.9,92.1,88.8
2015-01-10,84.7,86.3,83.8,83,96.6,99.4,76.2,86.4,100,98.3,91.7,87.1
2015-01-11,85.6,86.3,90.6,75.2,94.6,99.5,75.5,81.1,100,97.8,90.8,81.4
2015-01-12,79.6,86.3,87.3,71.4,89,99.2,78.4,77.4,92.7,90.9,87.4,77.3
2015-01-13,80.4,86.3,89.5,74,89.6,99.3,80.5,79.4,93.8,91.9,90.5,79.5
2015-01-14,72.7,86.2,85.9,67.5,85.8,98.9,75.4,76,86.7,85.8,83.8,75.8
2015-01-15,75,86.2,85.7,72.3,84.1,96.1,73.5,77.6,87.4,86.3,83.8,77.6
2015-01-16,72.3,86.2,95,68.9,83.9,99.8,82.2,73.8,88.8,87.6,83.2,73.4
2015-01-17,79,86.2,88.5,74,87.5,93,87.7,79.7,91.6,89.9,82.9,79.9
2015-01-18,92.3,86.3,92.7,87.3,91.7,95.3,95.1,86.5,96.1,93.8,89.8,87.3
2015-01-19,87.7,86.3,87.6,80.9,89,98.2,93.9,83,95.8,93.6,86.3,83.5
2015-01-20,85.3,86.3,91.5,80.2,89,99.7,97.8,85,95.2,93,89,85.6
2015-01-21,83,86.3,91.9,80.7,88.4,99.4,97.8,82.7,93.9,91.9,87.9,83.1
2015-01-22,85.7,86.3,94.6,79.7,89.9,94.1,95.9,81.4,93.9,91.9,86.8,81.7
2015-01-23,86.3,86.3,91.3,85.3,95,90.5,91.7,86.8,97.3,94.8,89.3,87.5
2015-01-24,88.1,86.3,89.7,78.9,89.3,99.5,91.7,81,91.4,89.8,85.2,81.3
2015-01-25,79.4,86.3,84,75.4,89.8,98.7,89.1,81.1,94.4,92.4,87.5,81.4
2015-01-26,79.6,86.3,95.8,74.2,88.8,99.8,91.5,79.5,89.7,88.3,86.5,79.7
2015-01-27,85.1,86.3,95.4,74.8,87.8,99.8,95.1,80.2,91.5,89.9,88.4,80.4
2015-01-28,81,86.3,88.9,75.4,90.9,94.8,84.1,81.7,92.5,90.7,89.6,82
2015-01-29,82.3,86.3,89.9,76.4,89.6,99.8,85.1,80.9,97.4,94.9,91.1,81.2
2015-01-30,80.1,86.3,88.1,77.2,90.2,99.8,82.6,80.1,97.3,94.8,91.5,80.3
2015-01-31,82.8,86.3,92.3,76,94.1,99.8,81.7,82.4,98.3,95.7,92.5,82.7
2015-02-01,83.7,86.3,88.8,73.5,93.7,99.8,77.5,80.9,96.5,94.2,89.9,81.1
2015-02-02,79.4,86.3,85.7,72,88.6,99.8,79.5,78.1,97,94.5,89.3,78.1
2015-02-03,78,86.3,80.5,74.6,91.2,98.5,72.9,80.4,98.1,95.5,91.4,80.6
2015-02-04,79.5,86.3,88.3,73.5,90,99.3,79,79.5,98.4,95.8,91,79.6
2015-02-05,77.8,86.3,88,71.8,88.1,99.8,81.8,77.3,94.6,92.5,88.9,77.3
2015-02-06,71.8,86.3,88,66.2,81.9,99.4,87.5,72.1,85.4,84.7,84.3,71.5
2015-02-07,74.5,86.2,92,74,85.3,99.6,98,76.2,89,87.7,79.8,76
2015-02-08,85.8,86.3,94,83.6,88.3,99.8,96.2,84.2,95.7,93.5,84.6,84.8
2015-02-09,78.7,86.3,89.4,78.2,88.6,99.8,97,81.4,91,89.5,85.3,81.7
2015-02-10,74.3,86.3,82.4,75.9,89.8,99.5,94.7,80.7,85.5,84.7,84.8,80.9
2015-02-11,77.8,86.3,84.3,74.5,87.4,99.7,78.6,79.7,92.8,91,86.5,79.9
2015-02-12,74.9,86.3,90.7,75.1,89.6,99.8,77.7,79.1,93.9,91.9,86.3,79.2
2015-02-13,76.4,86.3,92.9,73.6,90.3,99.6,75.1,79.1,94.4,92.4,89.6,79.1
2015-02-14,80.3,86.3,86.8,74.6,89.9,99.8,80.4,82.1,92.4,90.6,90.6,82.4
2015-02-15,81.5,86.3,94.7,78.1,91.7,99.8,86.6,85.3,94.5,92.5,88.9,85.9
2015-02-16,71.9,86.3,84.6,70.5,88.2,98.7,83.9,78.6,86.8,85.8,86,78.6
2015-02-17,65.7,86.2,89.6,63,83.2,99.6,81.9,72.8,77,77.4,80.7,72.3
2015-02-18,74.6,86.2,92.1,68.2,81,99.9,87.1,74.7,81.6,81.4,80.5,74.4
2015-02-19,69.7,86.2,95.4,65.8,79.8,99.8,89.8,73.1,81,80.8,84.1,72.6
2015-02-20,75.8,86.3,84.7,71.3,85.6,87.3,81.1,78.1,89.2,87.9,85.6,78.1
2015-02-21,64.9,86.2,86.3,57.8,78,89.5,73.9,67.5,80.4,80.3,82.2,66.5
2015-02-22,72.4,86.3,86.1,69.5,84.4,90.2,83.2,75.2,87.3,86.3,85.8,74.9
2015-02-23,69.8,86.2,89.2,70.2,84.4,99.8,84.8,75.5,85.6,84.8,79.9,75.2
2015-02-24,76.4,86.3,91,71.9,83.4,99.8,87.1,77.4,87.3,86.3,84.3,77.3
2015-02-25,75.8,86.3,89.1,75.8,85.8,99.4,93.4,80,89.6,88.2,85.9,80.2
2015-02-26,75.5,86.3,96.5,73.2,86.9,99.8,95.6,78.8,89.8,88.4,88.4,78.8
2015-02-27,74.3,86.3,94.3,70,86.3,99.8,83.5,76.6,88,86.8,86.8,76.4
2015-02-28,76.6,86.3,89.1,70.9,89.8,99.8,81.6,80.6,91.5,89.9,88.2,80.8
2015-03-01,79.5,86.3,90.9,71.4,85.1,99.8,90.7,79.1,87,86,86.6,79.1
2015-03-02,80.8,86.3,89,75.5,82.5,99.4,93.7,79.7,88.4,87.2,87.1,79.8
2015-03-03,81.8,86.3,87.8,79.2,87,99.4,89.7,81.7,91.8,90.1,88.2,82
2015-03-04,74.1,86.3,83.1,76.2,87.2,99.6,87.5,80.5,92,90.3,86.8,80.7
2015-03-05,73.2,86.2,88.6,74.5,86.9,99.8,83.9,79.1,89.7,88.3,83.5,79.1
2015-03-06,78.2,86.3,87.7,78.2,88.3,99.5,88.6,81.3,95.5,93.3,88.6,81.6
2015-03-07,84.6,86.3,90,80.5,95.9,99.9,80.4,85.7,100,98.6,91.9,86.4
2015-03-08,81.7,86.3,90.1,76.3,92.1,99.8,76.1,82.6,100,97.3,89.8,83
2015-03-09,79.2,86.3,82.3,75.7,93.9,99.8,74.9,82.5,100,97.2,89.8,82.9
2015-03-10,81.1,86.3,85.7,76.3,96.2,99.8,77,83.4,100,98.2,92.4,83.9
2015-03-11,79.9,86.3,87.5,74.7,94.3,99.8,75.4,80.5,97.9,95.4,90.9,80.7
2015-03-12,80.6,86.3,87.5,75.9,90.1,98.8,81.2,81.3,94.6,92.5,90.3,81.6
2015-03-13,79.2,86.3,92.3,75.3,89.7,99.8,88.1,81.7,95.9,93.6,89.8,82.1
2015-03-14,77.8,86.3,93,77.8,90.6,99.9,92.4,81.4,97.3,94.8,89.5,81.7
2015-03-15,85.8,86.3,91.9,81.2,95,99.9,87.3,85.9,99,96.3,90.7,86.6
2015-03-16,80.7,86.3,89.3,77.7,87.9,99.9,88.4,80.3,93.2,91.3,86.8,80.5
2015-03-17,85.1,86.3,96,82.6,92.7,98.4,98.7,86,95,92.8,88.8,86.7
2015-03-18,93.6,86.3,92.6,90.1,94.1,98.6,98.3,91.8,100,97.1,93,93
2015-03-19,88.1,86.3,91.7,86.2,92.8,97,95.1,86.2,95.4,93.2,86.3,86.9
2015-03-20,92.1,86.2,93.7,87.2,91.3,97.2,92.3,85.2,100,97.2,84.2,85.8
2015-03-21,77.3,86.3,83.2,74.4,85.3,96.3,91.8,74.6,90.3,88.9,85.5,74.3
2015-03-22,85.4,86.3,84.7,83.2,92.7,94.8,91.5,84.5,95.7,93.5,91.2,85.1
2015-03-23,81.4,86.2,87.1,74,87.2,93.6,86.1,77.1,90,88.6,83.7,77
2015-03-24,82,86.3,86.6,76.5,88.2,95.6,90.7,78.9,91.7,90.1,84.7,79
2015-03-25,88.8,86.3,90.2,82,87.7,96,98.2,82.9,95.8,93.6,88.8,83.3
2015-03-26,85.6,86.3,87.6,79.8,87.6,97.8,95.9,82,93.4,91.5,88.6,82.3
2015-03-27,78.5,86.3,91.7,73.4,84.2,99.7,91.8,79.3,92.5,90.7,89,79.4
2015-03-28,79.5,86.3,98.3,76.4,87,99.8,95.3,81.4,92.1,90.4,86.5,81.7
2015-03-29,86.2,86.3,91.3,82.9,92.7,99.2,95.2,85.8,95.3,93.1,89.7,86.4
2015-03-30,81.1,86.3,86.7,82,87.5,99.7,97.8,83.3,92.5,90.7,87.7,83.7
2015-03-31,79.4,86.3,89.9,80.6,91.2,97.3,97.9,84.8,91.2,89.6,89.8,85.4
2015-04-01,80.8,86.3,91.7,79.3,92.3,97.5,87.4,83.4,94.8,92.7,88,83.8
2015-04-02,88.9,86.3,91.7,85.8,96.1,99.5,86.6,89.6,99.9,97.1,91,90.6
2015-04-03,83.3,86.3,89.4,75.6,88.5,96.9,79.8,82.1,91.1,89.5,85.9,82.5
2015-04-04,80,86.3,92.1,75,85.9,98.5,87.9,81.1,90.5,89,84.7,81.4
2015-04-05,81.5,86.3,91.8,80.3,89.1,97.8,93.7,81.6,91.5,89.8,88.7,81.9
2015-04-06,81.1,86.3,84.3,76,90.1,94.5,81.8,82.1,96.6,94.3,90.6,82.5
2015-04-07,82.2,86.3,88.1,77.1,93.1,98.9,81.2,84.1,98.9,96.2,90.3,84.7
2015-04-08,79.4,86.3,93.2,75.8,89.9,97.6,82.7,81.7,93.8,91.8,88.5,82
2015-04-09,78.3,86.3,90.3,72,87.9,96,82.7,79.1,91.6,89.9,89.4,79.2
2015-04-10,80.2,86.3,92.2,73.8,88.8,98.7,80,80.9,92.2,90.5,88.3,81.1
2015-04-11,79.1,86.3,90,70.8,88.5,98.9,80.2,80.3,93.9,91.9,89.9,80.5
2015-04-12,83.5,86.3,91,75.7,91.4,94.8,78.1,84.1,96.7,94.3,91.2,84.7
2015-04-13,79.8,86.3,89.7,74,90.1,98.7,80,79.8,89.8,88.4,89,79.9
2015-04-14,81.4,86.3,86.3,76.2,91.7,99,83.2,81.7,93.7,91.8,88.4,82
2015-04-15,75.2,86.3,91.8,73.1,85.2,98.4,87.3,78.4,87.8,86.7,87.1,78.4
2015-04-16,84.5,86.3,89.9,80.5,88.5,97.7,92.6,83.3,96.1,93.8,88,83.8
2015-04-17,82.4,86.3,85.8,81.2,82.6,92,90.3,83.3,93.8,91.9,86.3,83.7
2015-04-18,85.8,86.3,87.9,83.8,94.4,90.8,87.1,85.3,96.6,94.3,90.6,86
2015-04-19,79.2,86.3,89.1,74.1,84.8,96.3,91,81.6,89,87.8,89.8,82
2015-04-20,79.3,86.3,90.5,76.5,83.8,98,91.8,78.5,88,86.9,87.9,78.6
2015-04-21,85.8,86.3,88.6,84.4,94.9,98,88,86.5,96.4,94,91.1,87.3
2015-04-22,81.6,86.3,87,78.7,92.1,93.3,84.8,83.5,97.3,94.8,90.7,84
2015-04-23,83.3,86.3,91.9,78.3,93.7,99.7,79.5,84.1,98.1,95.5,91.1,84.6
2015-04-24,83.8,86.3,91.1,76.7,93.7,99.2,77.7,83,92.8,91,88.9,83.5
2015-04-25,82,86.3,88.5,77.1,94.9,98.6,79.1,83.4,93.1,91.2,90.6,83.9
2015-04-26,82.7,86.3,87.4,83.1,98,95.6,81.9,86.2,100,97.9,91.8,86.9
2015-04-27,77.8,86.3,92.1,77,92.8,93.1,76.4,83.7,89.4,88,90.2,84.2
2015-04-28,84.4,86.3,94.5,76.1,92.2,99.8,80,83.6,96.3,93.9,90.3,84.1
2015-04-29,86.9,86.3,87.4,76,93.2,97.8,81.9,83.7,96.7,94.4,93,84.2
2015-04-30,82.8,86.3,90.8,78.1,90.8,99.6,87.4,82.8,97.6,95.1,92.5,83.3
2015-05-01,83.4,86.3,85.9,76.3,90.9,93.4,89.9,82.9,92.2,90.5,90.6,83.3
2015-05-02,75.4,86.3,96.6,71.4,86.1,92.4,89.3,79.6,80.8,80.7,88.1,79.8
2015-05-03,80.1,86.3,88.8,74.6,83.3,95.5,92.3,77.5,88.1,87,85,77.5
2015-05-04,86.3,86.3,90.8,80.6,89.1,96.1,90.2,83.2,93.3,91.4,88.2,83.7
2015-05-05,82.8,86.3,91.5,82.5,93,98,82.6,86.2,98.1,95.5,92.1,86.9
2015-05-06,83.9,86.3,92.3,78.9,92.3,97.5,83.1,84.5,95.6,93.4,90.7,85.1
2015-05-07,79.7,86.3,95.6,77.4,89.4,95.2,77.6,84.6,89.8,88.4,85.1,85.2
2015-05-08,79.4,86.3,90.9,75.4,87.8,98.7,78.3,82.2,91.6,90,88,82.5
2015-05-09,81.5,86.3,89.6,73.7,87.1,95.8,78.9,80.1,89.9,88.5,89,80.3
2015-05-10,79.6,86.3,96.1,73.5,90.8,99.1,79.3,79.6,94.9,92.8,89,79.7
2015-05-11,89.7,86.3,90.5,82.1,98.9,98.9,80.4,88.9,100,98.8,91.6,89.9
2015-05-12,88.3,86.3,96.1,81,98.3,98.6,82.7,88.3,100,97.6,90.5,89.2
2015-05-13,88.1,86.3,94.2,78.6,96,99.9,90.8,87.4,100,97.2,93,88.2
2015-05-14,86.9,86.3,93.2,78.5,93.7,98.5,86.6,86.5,98.6,96,91.1,87.2
2015-05-15,82.1,86.3,91.6,80,90.6,98,84.6,85,93.1,91.2,88.8,85.6
2015-05-16,82.8,86.3,91.3,74.1,90.6,97.4,90.6,81.5,93.7,91.8,87.1,81.8
2015-05-17,82.9,86.3,89.2,77.4,92.7,99.2,80.5,84.1,96.1,93.8,88.9,84.6
2015-05-18,80.4,86.3,89.8,82,95.8,96.9,77.5,85.4,97,94.6,87.2,86.1
2015-05-19,78.1,86.2,90.2,71.7,86.5,98.2,73.8,80.8,90.8,89.3,83.2,81
2015-05-20,78.2,86.3,90,76.7,92.1,93.9,76,83.3,88.8,87.6,84.3,83.8
2015-05-21,87.8,86.3,92.8,82.6,94.2,94.6,78.9,86.8,94.5,92.4,90,87.6
2015-05-22,78.7,86.3,88.8,73.2,86.5,95.8,76.4,79.9,90.6,89.1,88.1,80.1
2015-05-23,84.1,86.3,91.2,82.5,94.1,97.7,85.5,85.8,92.8,91,88.3,86.4
2015-05-24,78,86.3,92.8,74.6,86.8,94.3,82.9,82.4,85.6,84.8,86.4,82.8
2015-05-25,82.5,86.3,88.2,78.2,90.9,92.6,89,83.4,93.3,91.4,88.1,83.9
2015-05-26,82.8,86.3,89,74.8,91.3,91,80.6,82.6,93.8,91.8,88,83
2015-05-27,81,86.3,93.4,74.8,88.6,98.7,80.1,81.3,90.4,88.9,89.5,81.6
2015-05-28,90.9,86.3,94.9,85.2,93.6,98.3,86.5,87.1,97.6,95.1,90.6,87.9
2015-05-29,85.8,86.3,88.6,82.2,92.6,94.7,93.3,86.2,93.4,91.5,87.5,86.9
2015-05-30,79.1,86.3,89.7,76.8,88.5,92.7,92.8,82.5,91.9,90.2,89.5,82.9
2015-05-31,80.1,86.3,92.7,80.3,93.4,98.9,77,84.8,95.2,93,87.8,85.4
2015-06-01,81.2,86.3,84.4,73.6,90,98.9,74.4,80.9,92,90.3,85.8,81.2
2015-06-02,77.6,86.2,91.2,68.2,91.1,96.7,71,79.9,91,89.4,82.6,80
2015-06-03,83.7,86.3,95.3,77.4,94.8,98.8,76.4,83.2,90.2,88.8,87.2,83.7
2015-06-04,90.4,86.3,92,86.1,97.2,98.9,80.5,88.3,91.6,90,92,89.3
2015-06-05,86.5,86.3,93.9,85.2,97.8,99.8,80.3,89.2,93.6,91.6,90.5,90.1
2015-06-06,85.6,86.3,91,81.6,96.5,98.5,78.4,86.4,95,92.9,90.4,87.1
2015-06-07,84.9,86.3,91.4,78.7,93.2,99,82.5,85.2,96,93.8,92.7,85.8
2015-06-08,87,86.3,93.9,80.8,95.2,99.9,81.2,87,97.1,94.6,89.8,87.8
2015-06-09,81.9,86.3,92.6,78.2,89,99.6,78.6,83.6,92.2,90.5,88,84.1
2015-06-10,79.8,86.3,91.3,79.5,92.5,98.7,83.8,83.5,95.9,93.6,88.9,83.9
2015-06-11,79,86.3,85.3,74.8,91,91.1,75.3,80.7,92.8,91,84.8,80.9
2015-06-12,83.7,86.3,87.2,74.1,94.8,96.2,78.6,82.1,99.5,96.7,89.1,82.5
2015-06-13,87,86.3,89.8,78.6,95.2,96.2,78.4,85.6,100,97.2,90.6,86.3
2015-06-14,78,86.3,94.6,73.2,86.1,93.3,80,81.1,85,84.3,86.3,81.4
2015-06-15,74.9,86.3,95.8,69.1,88,92.8,68,79.3,91.4,89.8,85.3,79.4
2015-06-16,82.8,86.3,93.1,78.5,94.1,99,72.6,83.9,97.4,94.9,89.7,84.4
2015-06-17,85.7,86.3,91.8,79.7,96.7,99.6,79.3,85.3,98.2,95.6,92.7,85.9
2015-06-18,84.9,86.3,96.2,79.7,97.3,98.4,76.9,85.3,91.9,90.2,89.5,85.9
2015-06-19,80.4,86.3,86.1,77.5,96,99.7,75.9,83.2,97.3,94.9,89.4,83.6
2015-06-20,86.8,86.3,95.1,81.5,98,98.8,77.4,86.5,95.7,93.4,91.5,87.3
2015-06-21,85.2,86.3,88.6,79,95.7,88.6,82.2,85,94.7,92.6,91.2,85.6
2015-06-22,79.7,86.3,84.1,75.6,94.2,85.9,71.6,82.7,92.9,91.1,88.2,83.1
2015-06-23,88.3,86.3,92.2,80.1,95.9,98.5,77.1,84.7,99.4,96.6,92.1,85.3
2015-06-24,88.3,86.3,86.2,76.5,99.2,99.3,78,86.7,100,97.5,94.2,87.5
2015-06-25,79.9,86.3,93.8,81.9,97.9,99.8,76.8,85.9,100,98.1,91.4,86.6
2015-06-26,75.6,86.3,94.9,72.2,97.6,99.8,71.7,82.7,99.9,97,91.5,83.1
2015-06-27,72.5,86.3,91.6,67.7,90.9,99.8,68.8,75.9,96.9,94.5,86.9,75.7
2015-06-28,79.9,86.3,89.4,73,93.3,90,73.3,82,95.9,93.6,93,82.3
2015-06-29,81.4,86.3,90.8,70.8,92.3,79.9,73,79.9,94.8,92.7,90.3,80
2015-06-30,78.2,86.3,82.7,74.4,89.5,85.5,71.9,80.8,93.3,91.4,86.5,81
2015-07-01,76.8,86.2,83.3,68.5,89.1,80.7,72.5,79.1,88.6,87.4,81.7,79.2
2015-07-02,80.5,86.3,84.9,73.5,90.3,89.2,75.4,80.5,97.5,95,87.4,80.7
2015-07-03,72.5,86.2,82.1,66.7,86.6,86.1,68.7,75.1,87.1,86.1,81.1,74.8
2015-07-04,85.2,86.3,96.5,76.5,94.4,84,76.5,81.5,97.2,94.8,90.8,81.8
2015-07-05,84.5,86.3,90.4,76.6,94.2,88.5,84,82.9,96.3,93.9,92,83.3
2015-07-06,91.9,86.3,86.8,79.7,93.2,98.7,89,86.3,96.9,94.5,90,87
2015-07-07,82.6,86.3,97.1,80.6,93.5,99.7,88.5,84.3,97,94.6,87.6,84.8
2015-07-08,83,86.3,92.5,73.6,89.2,95.6,78.5,80.9,98.1,95.5,88.6,81.2
2015-07-09,80.9,86.3,96.1,75.2,88.8,92.2,76,80.3,93.1,91.3,87.1,80.5
2015-07-10,87.4,86.3,92.6,75.2,95,95.3,75.1,83.7,100,97.2,91.1,84.2
2015-07-11,83.7,86.3,92.7,75.2,93.2,93.3,73.6,81.6,93.9,92,87.8,81.9
2015-07-12,86.6,86.3,95.7,75.2,96.3,92.4,84.3,85.3,96.1,93.8,92.8,85.9
2015-07-13,71.2,86.2,88.5,65.7,81.8,87,71.5,75.1,77.8,78.1,79.7,74.8
2015-07-14,69.4,86.2,90.6,65.2,82.9,94.9,61.6,75.9,84.8,84.1,80.7,75.6
2015-07-15,82.9,86.3,89.1,77.7,89.6,92.2,75,83.1,90.1,88.7,87.7,83.5
2015-07-16,81,86.3,82.2,75.1,94,88.3,74.7,81.5,98.4,95.7,89.9,81.8
2015-07-17,70.6,86.2,88.8,67.8,82,88.4,63.9,75.7,86.3,85.4,77.1,75.5
2015-07-18,90,86.3,95,84.1,98.7,91.1,81.7,88.4,96.9,94.5,92.9,89.3
2015-07-19,85.1,86.3,94.5,77.9,92,91.5,82.3,83.3,92,90.3,85,83.8
2015-07-20,81.9,86.3,96.7,78.9,89.5,94.8,79.4,83.6,90,88.6,84.4,84
2015-07-21,82.2,86.3,92.8,78.4,89.5,99.4,79.8,80.7,92.5,90.7,88.6,80.9
2015-07-22,92.2,86.3,89.5,87.8,99.6,94.7,84.6,89,98.2,95.6,94.1,90
2015-07-23,87.4,86.3,95,81.9,97.5,92.6,81.5,86.1,98,95.4,94.6,86.9
2015-07-24,80.3,86.3,90.9,74,90.2,87.6,71.1,80.1,88.5,87.3,85.4,80.2
2015-07-25,84.2,86.3,92.5,75.1,95.7,98.4,71.3,82.9,93.6,91.6,91,83.3
2015-07-26,78.2,86.3,91.4,72.2,91.7,94.8,69.1,79.5,94.1,92.1,87.8,79.6
2015-07-27,87,86.3,94.7,82.1,98,90,76,86.2,94.9,92.8,93.4,86.9
2015-07-28,85.6,86.3,96.6,77.7,95.2,94.8,75.9,85.1,98.8,96.1,93,85.7
2015-07-29,80.1,86.3,91.4,77.3,94,95.2,73.2,84.1,93.1,91.3,91.4,84.7
2015-07-30,79.6,86.3,92.7,78.1,93.4,89.4,73.9,82.6,93.3,91.4,91.5,83
2015-07-31,83.3,86.3,96.9,76.3,91.9,98.9,75.3,82.5,98.4,95.7,93.2,82.9
2015-08-01,77.2,86.3,92.7,72.4,91.9,90.1,66.3,80.4,95.6,93.3,85.7,80.6
2015-08-02,80.3,86.3,88.7,75,90.1,89.4,69,80.4,95.5,93.3,86.6,80.5
2015-08-03,80,86.3,87.8,71.5,88.9,94.1,72.2,78.9,94.9,92.8,87.8,79
2015-08-04,79,86.3,88.5,70.2,91.3,94.7,65.5,79.5,92.9,91.1,86.7,79.6
2015-08-05,82.6,86.3,93.9,74.1,92.2,97.8,67.7,80.8,96.2,93.9,90.3,81
2015-08-06,72.2,86.2,94.3,66.7,84.9,98.5,60.7,75.2,90.5,89,82,74.9
2015-08-07,75,86.2,93.5,65.8,82,88.4,64.9,74.7,82.8,82.4,80.5,74.4
2015-08-08,76.8,86.3,96.9,71.6,86.8,98.7,75.4,77.8,89.8,88.4,88.1,77.7
2015-08-09,80.9,86.3,95.2,74.9,90.6,88.8,84.1,80.5,96.3,94,89.1,80.7
2015-08-10,76.5,86.3,94.8,71.5,85.4,96.4,70.2,75.7,89.3,88,85.5,75.5
2015-08-11,79.1,86.3,92.2,71.5,86.6,91.2,72.9,77.2,94.1,92.1,88.9,77.1
2015-08-12,78.4,86.3,92,69.8,88.2,89.7,70.8,78.4,92.6,90.8,86,78.4
2015-08-13,75.4,86.3,86.1,67.4,86.8,93.1,67.6,75.1,90.1,88.7,84.6,74.8
2015-08-14,86.2,86.3,96,82.6,96.5,89.7,75.1,85.1,97.1,94.6,92.4,85.7
2015-08-15,85.9,86.3,93.6,79.9,98,81.8,74.5,85.1,95.8,93.5,93.4,85.8
2015-08-16,84.1,86.3,91.2,78.2,96.9,79.1,74.9,84,97.8,95.3,87,84.5
2015-08-17,79.8,86.3,90.1,76.1,90.4,87.1,66.7,82.2,92.5,90.7,87.6,82.5
2015-08-18,72.9,86.2,89.5,63.5,78.8,76.8,59.3,74.3,81.3,81.1,78.6,73.9
2015-08-19,80.4,86.3,92,71,93.2,80.2,68.9,79.9,96.5,94.2,86,80
2015-08-20,81.6,86.3,93.4,74.5,91.9,86.2,70.4,80.9,93.5,91.5,90.8,81.1
2015-08-21,83.5,86.3,84.4,74.1,90.3,89.5,67.7,80.4,93.3,91.4,84.4,80.6
2015-08-22,74.2,86.2,94.1,67.1,80,76.5,66.3,72.7,82.4,82.1,79,72.2
2015-08-23,77.3,86.2,90.7,71.3,85,81,67.6,75.6,94.9,92.8,81.5,75.4
2015-08-24,84.3,86.3,91.3,73.2,91.6,89.7,73.5,81.9,94.9,92.8,89.6,82.2
2015-08-25,81.9,86.3,86.2,76.6,93.7,79.5,70.2,81.5,94,92,85.8,81.8
2015-08-26,77.2,86.3,92.7,68.3,86,84.4,69.6,76.2,89.9,88.5,84.9,76.1
2015-08-27,76.4,86.2,88.6,65.9,84.8,82,69.5,76.9,88.5,87.3,83.2,76.8
2015-08-28,82.7,86.3,89.7,77.7,96.9,90.7,73.3,83.1,99.3,96.5,93.2,83.5
2015-08-29,82.7,86.3,94.3,73.1,94.9,99.7,72.3,78.2,96.5,94.2,93.9,78.2
2015-08-30,81.5,86.3,87.6,74.8,90,88,70.3,80.9,99.1,96.4,92.4,81.1
2015-08-31,78.6,86.3,97.3,73.2,93.1,93.6,71,79.7,92.7,90.9,91.7,79.9
2015-09-01,85.3,86.3,92.3,78.6,97.3,88.4,78.6,84.9,100,98.1,94,85.5
2015-09-02,81.2,86.3,86.6,79.5,91.3,86.5,70.4,82.7,96.3,94,89.6,83.1
2015-09-03,76.8,86.2,89.6,68.2,86.2,92.6,65.2,76.2,89.3,88,82,76
2015-09-04,78.1,86.2,91.2,70.1,89.7,82.5,62.6,77.9,91.1,89.5,83.6,77.8
2015-09-05,76.2,86.3,93.6,67,85.5,88.3,68.5,78.7,91.2,89.6,87.4,78.8
2015-09-06,78.4,86.3,80.9,71.3,90.5,94.3,68.7,78.6,94.5,92.5,90.5,78.7
2015-09-07,79.7,86.3,93.2,68.7,90.3,87.6,70.4,78.5,94.6,92.5,88.7,78.5
2015-09-08,72.9,86.2,96.7,62.2,80.2,85.1,69.5,71.7,84.8,84.2,82,71.1
2015-09-09,75.2,86.2,87.5,65.1,85,87.6,65.8,75.1,87.2,86.2,82.7,74.8
2015-09-10,66.1,86.2,96.3,61,74,95.4,55,70.2,75.2,75.9,73.8,69.4
2015-09-11,61.1,86.2,89.6,58.6,72.4,86.6,50.7,70.4,73.4,74.4,76.3,69.7
2015-09-12,59,86.2,80.7,53.7,66.9,83.6,44.8,67.2,64.7,66.9,75.1,66.2
2015-09-13,57.1,86.2,82.6,54.9,68.6,88.4,40.4,65.9,73,74,75.1,64.8
2015-09-14,55.3,86.2,88,53,68.8,89.8,38,66.5,72,73.1,74.3,65.4
2015-09-15,64.2,86.2,88,57.5,73.4,75.6,51.7,67.2,71.4,72.7,73,66.3
2015-09-16,74.6,86.2,84,69.7,84.3,80,66.1,77.5,92.8,91,83.3,77.5
2015-09-17,72.7,86.3,78.6,67.1,82.8,59.4,67.8,74.2,83.9,83.3,85.5,73.9
2015-09-18,78.1,86.3,88.1,73.2,88.4,89,70.7,80.7,92.7,90.9,86.6,80.9
2015-09-19,78.3,86.3,82.3,75.3,86.9,71,68,79.8,92.2,90.4,86.3,80
2015-09-20,76.3,86.3,89,73.4,87.4,87,68.7,78.4,93.1,91.2,89.7,78.5
2015-09-21,78.2,86.3,86.7,73.5,86.7,84,67.4,80.2,95.2,93,85.9,80.4
2015-09-22,75.1,86.3,87.2,66.7,85.4,91.2,68.4,75.1,92.8,91,85.6,74.8
2015-09-23,74.5,86.3,95.1,66.3,83.1,98.8,72.4,73.7,89.2,87.9,89.5,73.3
2015-09-24,71.9,86.3,86.9,62.6,74.4,88.9,68.3,71.6,84.7,84.1,87,71
2015-09-25,76.2,86.3,96.4,69.2,87,97.4,69,75.2,93,91.2,87.4,74.9
2015-09-26,77.7,86.3,90.7,69.2,86.2,96.8,69.2,75.8,94.9,92.8,89.7,75.6
2015-09-27,75.3,86.3,86.2,68.6,86.1,86,68,77.5,89.4,88.1,87.4,77.4
2015-09-28,76.2,86.3,89.5,69,86.8,90.3,70.5,74.5,90.1,88.7,87,74.2
2015-09-29,67.1,86.2,89.7,61.7,74.5,92.8,73.6,70.3,75.3,76,80.5,69.6
2015-09-30,78.5,86.3,96.2,69.7,79.6,87.6,81.5,72.9,82.9,82.5,84.7,72.4
2015-10-01,78.5,86.2,96.5,74,85.5,77.9,78.8,75.4,87,86,82.5,75.2
2015-10-02,74,86.3,89.9,71.3,85.6,80.2,75.2,74.7,89.2,87.9,84.4,74.4
2015-10-03,75.8,86.3,91.7,71.8,86.7,81.1,74.8,78.1,96.8,94.4,89.3,78.1
2015-10-04,86.2,86.3,83.3,75.5,97.1,79.7,84,84,100,98.7,92.4,84.5
2015-10-05,73.2,86.3,84.3,64.8,92.2,84.1,75.2,76.4,96.7,94.3,87.6,76.2
2015-10-06,78.9,86.3,95.3,71.4,89.4,92.8,76,78.3,96,93.8,89.1,78.3
2015-10-07,77.3,86.3,94.7,69.9,84.6,89.4,69.4,77,88.9,87.6,88.6,76.9
2015-10-08,69.5,86.3,91.9,62.2,80.7,93.3,64.6,73.5,79.1,79.2,86.3,73.1
2015-10-09,74.3,86.3,91.4,66.7,87.2,85.2,82.1,74.9,87.4,86.4,86.4,74.6
2015-10-10,82.9,86.3,87.2,76.8,91.3,80.8,81.2,81.6,98.2,95.6,91,82
2015-10-11,83.6,86.3,92.2,74.5,90.7,90.2,82.4,80.9,97,94.6,90.6,81.2
2015-10-12,81,86.3,92.3,73.8,89.6,91,85.8,80.5,91.8,90.1,89.3,80.7
2015-10-13,85.7,86.3,93.7,83.8,94.1,87.1,95.3,87.2,96.8,94.4,90.3,88
2015-10-14,81.7,86.3,96.4,80.3,90.9,91.2,93.3,85.2,94.8,92.7,89.1,85.8
2015-10-15,82.9,86.3,98.5,82.5,91.3,94.7,90.2,85.1,95.5,93.3,90.2,85.8
2015-10-16,83.7,86.3,93.3,80.9,92.2,90.3,78.1,85.1,97.1,94.6,88.8,85.7
2015-10-17,81.6,86.3,94.5,77,91.6,94.9,75,81.3,96.7,94.3,90.4,81.6
2015-10-18,83.8,86.3,96.1,78.4,95.3,92.6,74.4,83.9,100,97.5,92.8,84.5
2015-10-19,80.4,86.3,94,76.3,90.3,90,73.1,82.2,95.5,93.3,88.9,82.6
2015-10-20,77.8,86.3,81.5,74.5,88.5,92,66.3,80.2,97.8,95.2,87.5,80.4
2015-10-21,72.8,86.3,98.3,65.8,80.3,95.2,69.5,73.5,86.1,85.2,87.2,73.1
2015-10-22,75.2,86.3,92.5,67.4,80.4,93.5,81.5,74,87.6,86.5,88.7,73.7
2015-10-23,68.5,86.2,90.6,67.6,79.1,91.8,69.6,72.4,82.5,82.1,81.3,71.9
2015-10-24,73,86.3,87.8,69.8,83.5,92.9,73.8,74.7,89.5,88.1,84.8,74.4
2015-10-25,74.1,86.3,89,73,85.9,96.6,72.4,77.8,95.2,93,86.9,77.7
2015-10-26,72.3,86.2,93.3,68.8,82.5,97.4,72,77.5,88.6,87.4,83.6,77.5
2015-10-27,73.7,86.3,92.4,68.6,82.1,96.8,70.1,77.7,91.4,89.8,86.1,77.7
2015-10-28,70.2,86.2,93.4,65.9,80.7,91.7,76.3,74.6,82.5,82.2,84.2,74.2
2015-10-29,75,86.3,87.6,72.7,83.2,97.8,87.6,78.8,88.2,87,90.1,78.8
2015-10-30,74.2,86.3,95.8,73.2,79.8,97,89,73.1,84.5,83.8,85.1,72.6
2015-10-31,72.2,86.2,94.3,75.9,76.5,91,90.9,78.5,86.1,85.3,80.6,78.6
2015-11-01,69.7,86.2,95,68,80,80.1,92.5,69.8,84.8,84.1,75.9,69.1
2015-11-02,65.1,86.2,92.7,61.8,77.8,84.7,78.7,67,72.3,73.4,74.5,66
2015-11-03,58.1,86.2,84.2,59.3,76.3,80.1,54.4,64.3,68.9,70.5,76.8,63.1
2015-11-04,57.5,86.2,93.1,54.2,77.4,87.5,47.2,66.9,75.4,76.1,76.5,65.8
2015-11-05,72,86.2,85.4,63.5,78.7,78.4,62.7,66.3,81.4,81.2,81,65.2
2015-11-06,88,86.3,93.8,81,86.4,77.2,89.5,82.6,89.6,88.3,87.9,83
2015-11-07,93.5,86.3,94.8,89.5,96,84.8,91.5,90.4,98.6,96,93.2,91.5
2015-11-08,84.4,86.3,93.7,81.8,90,79,86.4,84.8,93.7,91.8,85.6,85.3
2015-11-09,81.4,86.3,85.6,78.5,90.9,67.8,90,82.9,94.5,92.4,90.2,83.3
2015-11-10,80.4,86.3,87.1,74.6,90.7,77.7,79.5,81.3,92.9,91,89.7,81.6
2015-11-11,78,86.3,90.4,74.3,86.2,85.1,73.9,79.9,92.3,90.6,85.1,80
2015-11-12,81.1,86.3,87,78.5,90.8,85.4,77.6,82.1,97.2,94.7,90.1,82.4
2015-11-13,78.6,86.3,86.3,77.1,90.6,84.2,75.5,82.2,95.4,93.2,87.7,82.6
2015-11-14,79.1,86.3,98,75.8,91.3,94.4,71,80.1,94.8,92.7,88.2,80.3
2015-11-15,79.9,86.3,91.3,76.3,93.4,92.8,78.4,81.5,98.8,96.1,88.7,81.8
2015-11-16,76.9,86.3,94.6,73,87.1,89.7,83.8,77.9,91.2,89.6,87.8,77.8
2015-11-17,88.4,86.3,94.4,86,94.6,90.7,93,88.9,98.9,96.2,89.9,89.8
2015-11-18,78.4,86.2,93.4,76.5,88.6,97.6,90.5,82.2,95.4,93.2,84.3,82.6
2015-11-19,72.2,86.2,91.5,67.1,82,96.6,89.9,75.2,88.6,87.4,82.4,74.9
2015-11-20,70.4,86.2,87.8,66.6,81.7,95,86.4,73.1,82.4,82.1,81.9,72.6
2015-11-21,73.3,86.2,94.4,68.5,81.2,85.9,85.2,74.1,85,84.3,82.2,73.7
2015-11-22,83.1,86.3,95.6,78.2,91,91.5,87.7,80.4,95.5,93.3,87.7,80.5
2015-11-23,79.6,86.3,94.2,82.3,90.8,100,92.8,83.3,95.1,93,87.1,83.8
2015-11-24,87.9,86.3,91.7,82.1,86,99.3,94.7,84.2,94.7,92.6,85.8,84.7
2015-11-25,76.5,86.3,95,76.3,87.2,96.6,87.2,81.9,91.9,90.2,88.2,82.3
2015-11-26,78.3,86.3,87.4,75.1,84.9,90.5,89.5,79.5,85.3,84.5,87.3,79.6
2015-11-27,69.5,86.2,93.1,69.5,83.3,90.6,81.5,75.5,86.8,85.9,81.3,75.3
2015-11-28,78.9,86.2,95.1,77.5,85.1,97.8,88.9,81.1,93.1,91.3,84.2,81.3
2015-11-29,79.1,86.2,87.6,77.2,87.2,92.2,77.8,80,94.7,92.6,84.2,80.2
2015-11-30,78.2,86.3,91.7,73.7,88.4,91.9,74.8,79.2,92.7,90.9,88.1,79.3
2015-12-01,83.5,86.3,89.5,75.8,92.5,95,80.1,82,99.9,97.1,91.8,82.3
2015-12-02,80.3,86.3,92.7,75.6,92.8,93.2,68.7,81.1,96.8,94.4,88.5,81.4
2015-12-03,64.5,86.2,83.9,60.5,75.7,72,55,71.3,70.4,71.8,75.2,70.7
2015-12-04,69.1,86.2,94.7,63.2,77.7,84,65.7,73.4,80.7,80.6,81.7,73
2015-12-05,73.7,86.3,88.4,74,86,89.2,71.4,78.6,91.3,89.7,87.3,78.6
2015-12-06,70.4,86.2,94.9,69.4,83.3,90.3,77,75.1,86.3,85.4,83,74.8
2015-12-07,73.5,86.3,94.4,71.8,86.6,91.9,72.5,76.6,91.8,90.1,85.3,76.4
2015-12-08,75.7,86.3,88.1,76.4,89.6,93.8,84.5,79,95.3,93.1,87.5,79
2015-12-09,75.2,86.3,89.9,71.3,86.2,91,80.8,78.5,91.4,89.8,89.1,78.5
2015-12-10,78.7,86.3,83.8,72.9,89.2,88.8,75.4,78.3,95.6,93.4,90,78.3
2015-12-11,71.1,86.3,94,66.9,81.4,87.4,69.9,73.3,85.6,84.8,84.8,72.9
2015-12-12,70.6,86.2,88.9,65,76.8,81.1,64.9,73.1,79.6,79.7,83,72.6
2015-12-13,68.9,86.3,81.2,59.3,78.3,74.9,66.1,71.6,76.3,76.9,86.2,71
2015-12-14,76.6,86.3,90.2,75.8,89.1,92.7,84.8,81.1,89.5,88.1,86.4,81.3
2015-12-15,85.3,86.3,94.4,82.9,92.3,99,85.3,84.6,94.8,92.7,89.9,85.2
2015-12-16,80.2,86.3,91.2,75.1,90.3,92.7,77.5,81.6,92.9,91,89.4,81.9
2015-12-17,77.9,86.3,90,75.7,88.4,98.8,70.4,81.5,92.8,91,86.5,81.8
2015-12-18,78,86.3,96.5,76.4,93.5,99.7,82.8,82,97.4,94.9,89.3,82.3
2015-12-19,79.1,86.3,90.8,75.7,91.3,98.7,79.3,80.9,97.1,94.7,91.3,81.1
2015-12-20,80.6,86.3,88.5,72.5,87.2,95.7,73.7,78.3,97.2,94.7,90.5,78.3
2015-12-21,78.4,86.3,87.6,72.5,84.1,91.8,72.3,77.9,92.4,90.6,91.2,77.8
2015-12-22,74.3,86.3,90.4,67.5,83.2,98.8,77.1,74.7,92.1,90.4,88.6,74.4
2015-12-23,77.8,86.3,86.3,72.3,90.8,91.7,75,79.4,94.8,92.7,90.8,79.5
2015-12-24,79.7,86.3,86.4,72.3,86.8,94.4,78.4,78,98.1,95.5,91.3,78
2015-12-25,73.8,86.3,86.4,67.7,85.6,92.1,72.8,75.9,91,89.4,89.4,75.7
2015-12-26,79.2,86.3,87.2,73.4,90.5,98.6,75.1,80.5,98.8,96.1,94,80.7
2015-12-27,77.3,86.3,93.1,73.4,90.5,97.3,73.2,80.3,95.9,93.6,91,80.5
2015-12-28,78.2,86.3,90.6,74.1,91,99.8,70.2,79.8,97.9,95.3,88.5,79.9
2015-12-29,82.1,86.3,90.1,71.1,91.2,98.9,72.1,79.2,92.5,90.7,89.4,79.3
2015-12-30,78.2,86.3,89.3,68.3,89.3,98.9,68.9,75.2,92.1,90.4,87.5,75
2015-12-31,76.6,86.3,89.9,68.9,89.2,99.8,68.5,76.7,94.6,92.6,86.4,76.6
2016-01-01,71.3,86.3,90.3,70.7,87.8,96,80.5,77.7,91.3,89.7,84.9,77.7
2016-01-02,70.6,86.3,91.4,71.9,87.5,99.8,75.9,77.6,95.7,93.4,84.9,77.5
2016-01-03,72.6,86.3,89.7,67.2,84.8,98.6,82.9,73.2,87.9,86.8,87.8,72.7
2016-01-04,68.7,86.2,89,66.6,79.9,99.7,78.9,72.9,86,85.1,77.2,72.5
2016-01-05,65.6,86.2,88.8,66.6,81,99.8,85.7,68.7,80.6,80.5,82,67.8
2016-01-06,69.7,86.3,90.5,70.1,82.7,97.9,85.7,76.5,88.8,87.5,85.7,76.3
2016-01-07,69.3,86.2,88.9,66.1,79.6,98.5,87.2,72.7,81.9,81.6,83.1,72.2
2016-01-08,74.4,86.3,91.1,70.1,84.5,99.8,90.3,74.7,87.5,86.4,87.9,74.4
2016-01-09,74.9,86.2,89.3,66.4,82.1,97.5,90.9,75.1,82.5,82.2,82.8,74.8
2016-01-10,72.8,86.2,89.7,64.5,74,97.8,91.6,69.2,86.1,85.2,80.5,68.4
2016-01-11,73.8,86.2,90,66.5,81.7,99.7,91.7,72.2,84.1,83.5,84.1,71.6
2016-01-12,77.2,86.3,92.1,72.4,87.9,99.8,97.7,79,87,86,89.8,79.1
2016-01-13,80.8,86.3,93.1,79.2,90.5,99.8,91.3,81.5,89.6,88.2,88.7,81.8
2016-01-14,70.6,86.2,89.2,70.5,74,99.8,86,74.6,79.2,79.3,82.4,74.3
2016-01-15,68.8,86.2,87.1,65.7,80.7,98.9,71,70.9,81.4,81.2,84,70.3
2016-01-16,70.3,86.2,88.1,66.4,77.2,99.7,77.2,71,82.3,82,80.3,70.3
2016-01-17,72.8,86.3,90.7,71.1,86.4,99.9,84.6,77.5,87.6,86.5,84.9,77.4
2016-01-18,68.6,86.3,89.7,66.9,83.5,99.8,92.8,74.2,81.3,81.1,85.4,73.8
2016-01-19,70.9,86.3,90.6,71,85.4,98.4,93.1,76.4,83.5,83,85.4,76.2
2016-01-20,79,86.3,95.4,82.1,92.2,99.9,96.2,83.9,96.9,94.5,89.5,84.4
2016-01-21,76.5,86.3,92.8,73.8,83.6,99.9,91.2,76.9,93.4,91.5,88.3,76.7
2016-01-22,72.9,86.3,90.7,76,85.5,95.9,72.2,78.1,93.5,91.6,85.5,78.1
2016-01-23,69.6,86.2,88.4,70.1,79.4,98.6,57.8,75.3,92.4,90.6,78.5,75
2016-01-24,66.7,86.2,89.1,69.5,75.4,99.7,70.1,73.2,88.7,87.4,77.7,72.7
2016-01-25,80.1,86.2,93.9,78.7,84.7,96.8,94.9,83.4,95.1,92.9,82,83.9
2016-01-26,67.9,86.2,87.4,65.7,78.5,92.9,85.3,73.7,79.7,79.8,76.8,73.3
2016-01-27,67.6,86.2,85.5,59,77.2,93.9,73.6,71.2,82,81.7,80.8,70.6
2016-01-28,45.9,86.2,73.4,48.1,71.2,60.1,52.4,63.9,69.9,71.3,68,62.7
2016-01-29,69.6,86.3,85.6,61.8,77.9,95.2,78.6,74.8,75.4,76.1,85.2,74.5
2016-01-30,77.4,86.3,89.3,68.6,81.3,98.4,87.1,73.6,82.4,82,84.8,73.2
2016-01-31,73.1,86.2,85.9,61.5,80.7,87,80.5,74,82.8,82.4,84.1,73.6
2016-02-01,64.8,86.3,87.4,62.7,80.2,99.4,73,73.9,83.4,82.9,87.5,73.5
2016-02-02,66.4,86.2,85.1,58.5,74.8,94.5,80,71.9,75.6,76.3,80.7,71.3
2016-02-03,79.5,86.3,92.8,75.6,90.7,99.4,94.8,83.3,89.5,88.2,89.6,83.8
2016-02-04,74,86.3,90.2,68.8,81.2,96,94.2,73.2,85,84.3,86.6,72.7
2016-02-05,71.1,86.2,88.5,66.6,84.7,91,83.5,74,87.4,86.4,83.5,73.7
2016-02-06,79.7,86.3,90.5,73.1,89.8,94.7,76.6,80.7,94,92,90.6,80.9
2016-02-07,75.9,86.3,90.8,70.4,90.4,97.2,70.2,78.8,99.7,96.9,90.9,78.8
2016-02-08,82.5,86.3,94.3,77.4,93.9,99.9,84.2,83.5,100,98.9,92.9,84
2016-02-09,92.6,86.3,95.9,84.6,98.6,99.9,87.8,89.1,100,99.1,94.2,90
2016-02-10,84.6,86.3,92.9,79.3,95.9,97.1,79.9,85.6,97.5,95,91.7,86.3
2016-02-11,87.9,86.3,94.1,80.1,94.5,99.9,81,85.1,100,97.5,92.3,85.8
2016-02-12,85.1,86.3,93.2,80.6,94.7,96.8,75,86.8,100,98.2,92.7,87.6
2016-02-13,78.9,86.3,91.5,78.1,90.2,98.9,71.9,84.5,93.8,91.8,85.8,85.1
2016-02-14,75.8,86.3,90.2,70.1,88.7,98.1,73.2,80,94.1,92.1,85.3,80.2
2016-02-15,79.1,86.3,92.7,75.3,95.2,99.9,76.9,83.4,99.5,96.8,91.9,83.9
2016-02-16,80.1,86.3,92,77,93.1,98.7,69.9,84.2,98.7,96.1,90.2,84.7
2016-02-17,80.4,86.3,92.8,76.8,93.5,99.9,77.9,84.2,97.9,95.3,91.6,84.7
2016-02-18,81.8,86.3,91.5,74.6,91.2,98,74.5,82.5,96.4,94.1,89.2,82.9
2016-02-19,76.3,86.3,90.4,71.5,89.9,99.9,73.4,78.5,92.4,90.6,88.3,78.6
2016-02-20,77,86.3,91.9,75.2,89.4,99.9,74.4,81.9,96.4,94.1,88.1,82.2
2016-02-21,76.9,86.3,92.3,74.2,89.6,99.9,87.2,81.8,92.4,90.6,87.6,82.1
2016-02-22,82.6,86.3,95.2,81.7,92.6,99.1,96.2,86.9,96.7,94.3,90.7,87.7
2016-02-23,81.6,86.3,92.5,75.9,89.2,93.8,91.2,83.2,94.8,92.7,88.1,83.7
2016-02-24,86.2,86.3,94.6,83.2,96,96.6,89.8,88.1,97.9,95.4,91.8,89
2016-02-25,84.3,86.3,93.2,79.8,91.4,97.2,90.9,85.4,92.1,90.4,88.3,86.1
2016-02-26,81,86.3,94.1,76.3,91.8,99.9,94.8,82.4,95.9,93.6,90.3,82.8
2016-02-27,69.7,86.2,90,67.8,86.3,98.9,91.3,77.5,83.7,83.2,84.2,77.4
2016-02-28,78.6,86.3,93,76.2,92.6,99.9,86.4,82.9,94.9,92.7,90,83.3
2016-02-29,86.9,86.3,94.6,81.6,97.8,99.3,82.3,87.2,100,98.6,92.8,88
2016-03-01,87.6,86.3,93.9,81.6,94.2,99.9,83.9,88.5,96.1,93.8,91.2,89.4
2016-03-02,84.4,86.3,92.1,77.2,91.9,99.9,82,84,91.1,89.6,88.2,84.6
2016-03-03,80.8,86.3,94.5,80.1,92.9,99.9,90.2,83.3,97.5,95,92.2,83.7
2016-03-04,85.6,86.3,95.8,82.9,91.9,99.9,98.9,86.5,96.8,94.4,89.2,87.2
2016-03-05,84.6,86.3,94.9,82.6,93.7,99.1,91.8,86.6,96.8,94.4,90.6,87.3
2016-03-06,81,86.2,92.5,76.1,85.5,97.7,99.4,81.6,86.5,85.6,84.2,81.9
2016-03-07,88.9,86.3,95.2,87.1,91.2,96.6,91.4,88,96.9,94.5,89.5,88.8
2016-03-08,78,86.3,91.4,76.8,88.8,90.3,89.3,82.7,91.7,90.1,87.4,83.1
2016-03-09,79.6,86.3,93.4,78.2,89.7,99.3,89.8,81.9,93.5,91.6,88.8,82.2
2016-03-10,83.4,86.2,93.2,77.7,89.9,97.8,91.6,80.9,93.5,91.6,83.3,81.1
2016-03-11,76.8,86.3,93.2,75,86.3,98.6,92.4,80.9,94.5,92.4,87.9,81.1
2016-03-12,89.8,86.3,96,85.1,91,99.2,95.1,85.3,98.6,96,88.1,85.9
2016-03-13,89.4,86.3,95.6,86.4,95.9,97.6,95,89.1,96.7,94.3,92.3,90.1
2016-03-14,80.5,86.3,94,80,91,97.8,91.7,83.4,95.7,93.5,87.1,83.9
2016-03-15,77.9,86.3,92.4,75.3,89.8,99.5,79.9,81.6,96.3,94,89.6,82
2016-03-16,81.5,86.3,93.7,78.9,92.4,99.9,82.8,82.8,98.1,95.5,88.6,83.2
2016-03-17,86.1,86.3,95.1,86.6,96.7,99.9,78.5,88.5,100,98.4,89.6,89.4
2016-03-18,82.8,86.3,93.5,80.6,93,99.9,78.9,84.7,98,95.5,90.2,85.3
2016-03-19,82.1,86.3,93.3,77.6,92,99.9,81.3,84.1,97.9,95.4,91.2,84.7
2016-03-20,84.4,86.3,94.6,81.2,95.8,99.6,82.9,85.5,100,98.1,92.4,86.2
2016-03-21,84.7,86.3,93.7,79.2,95.9,99.3,79.1,84.9,100,97.8,92.4,85.5
2016-03-22,85.7,86.3,92.8,76.4,90.5,99.9,82.2,82.7,96,93.8,90.9,83.1
2016-03-23,84.4,86.3,92.9,75.2,94.7,99.8,80.3,83.8,98.5,95.9,90.1,84.3
2016-03-24,81.1,86.3,91.8,80.5,94.8,93.9,78.2,85.4,94.1,92.1,87.1,86.1
2016-03-25,77.9,86.3,90.4,75.3,84.8,97.1,74.7,82.6,90.4,88.9,84.6,83
2016-03-26,88.8,86.3,94.6,83.6,96.3,97.1,84.1,88,100,97.4,91.9,88.9
2016-03-27,85.7,86.3,94.1,81,94.3,99.9,87.3,86.7,96.1,93.8,90.8,87.5
2016-03-28,81.9,86.3,94,81.8,91.9,99.8,88.6,84.3,94,92,88.1,84.9
2016-03-29,76.5,86.3,93,77.6,83,96.7,91.2,82.2,93.4,91.5,87.7,82.5
2016-03-30,84.5,86.3,93.8,82.5,91.3,97.7,87.6,86,94.9,92.8,87.7,86.7
2016-03-31,77.8,86.3,92.7,78,87.6,96.1,88.6,83,93.1,91.3,88.7,83.5
2016-04-01,86.8,86.3,95.9,82.7,92.8,99.2,98.1,88.2,98.6,95.9,88.6,89
2016-04-02,84.7,86.3,94.9,81.4,89.4,98,96.6,85.8,96.4,94.1,85.7,86.4
2016-04-03,93.3,86.3,94.9,89.6,90.1,88.2,92.3,91.7,99.4,96.6,91.4,92.9
2016-04-04,81.1,86.3,93,79.4,87.7,97.7,91.6,82.1,90.6,89.1,86.2,82.4
2016-04-05,84.4,86.3,93.7,83.8,90.2,94.6,90.6,85,93.7,91.8,88,85.6
2016-04-06,78.1,86.3,92,77.4,87.8,97.7,80.4,82,93.1,91.2,86.5,82.3
2016-04-07,81.8,86.3,92.7,80.4,92.8,98.5,76.8,85.6,95.9,93.7,86.9,86.2
2016-04-08,81.3,86.3,92.8,81.3,92.3,99.9,76.8,85.3,94.6,92.5,88.2,86
2016-04-09,82,86.3,92.6,78.1,92.8,99.7,82.7,84.4,93.3,91.4,88,85
2016-04-10,82.3,86.3,94.8,81.9,93,99.9,92.3,86.2,96.3,93.9,87.5,86.9
2016-04-11,84,86.3,93.5,76.2,87.5,99.9,96.3,82,91.9,90.2,86,82.3
2016-04-12,87.4,86.2,93.3,77.8,85.9,96.3,93.2,85,93.8,91.9,82.6,85.6
2016-04-13,88.7,86.3,95.2,83.4,91.4,99.9,90.9,87.3,97.9,95.3,88.9,88.1
2016-04-14,84.1,86.3,93.7,81,90.7,98.2,89.9,85.6,93.9,91.9,86.9,86.2
2016-04-15,77.5,86.3,92.3,75.7,90,99.4,84.3,82.8,92.9,91,84.7,83.2
2016-04-16,80.8,86.3,93.6,79.3,92.4,96.6,89.8,85.6,96.1,93.8,89.5,86.3
2016-04-17,86,86.3,93.1,78.6,93.5,95.8,82.7,86.2,98.8,96.1,92.2,86.9
2016-04-18,85.8,86.3,92.3,72.5,92.4,99.2,81.9,83.7,97.4,94.9,90.1,84.2
2016-04-19,81.8,86.3,92.2,76.5,91.8,99.2,77.3,85,96,93.7,90.6,85.6
2016-04-20,77.3,86.3,91.4,73.6,87.4,98.5,76,81.6,95.6,93.4,87.1,81.9
2016-04-21,80.5,86.3,92,76.2,90.8,99.2,78.5,82.2,94.1,92.1,87.7,82.6
2016-04-22,81.4,86.3,92.3,75.4,91.2,99.9,76.2,83,97.6,95.1,89.5,83.4
2016-04-23,84.3,86.3,93.7,79.5,92.3,99.9,85.3,84.7,96,93.7,92.3,85.2
2016-04-24,78.7,86.3,92,74.1,85,99.9,93.7,81.9,87,86,88,82.3
2016-04-25,77.2,86.3,89.3,68.7,81.7,94,91.3,76.7,83.5,83,85.3,76.6
2016-04-26,71.7,86.3,90.8,69.9,85.6,99.2,88.3,77.8,87.7,86.6,85.2,77.7
2016-04-27,76.9,86.3,90.5,72.4,84.1,97.5,89.5,79.4,84.5,83.9,86.2,79.5
2016-04-28,92.9,86.3,96.8,88.9,96.7,96.7,97.5,89.8,100,97.4,92.3,90.8
2016-04-29,87.1,86.3,92.3,81.7,89.1,87.4,91.5,83.6,93.7,91.7,87.6,84
2016-04-30,83.5,86.3,93.7,82,91.1,95.9,85.2,86.5,97.5,95,87.6,87.2
2016-05-01,84.2,86.3,93.7,81.8,89.3,96.8,92.3,84.2,92.6,90.8,85,84.7
2016-05-02,79.1,86.3,92.3,77.9,87.1,90.6,92.6,80.7,93.6,91.7,85.9,81
2016-05-03,76.6,86.3,91.5,75.4,93.2,97.2,78.6,82.4,94,92,85.6,82.8
2016-05-04,83.2,86.3,92.2,78.1,92,98,81.2,84.3,93,91.2,85.4,84.8
2016-05-05,81.5,86.3,93.1,79.9,94.1,98.1,85.8,84.4,93.8,91.8,87.7,84.9
2016-05-06,81.5,86.3,92,77.2,91.4,89.7,91.1,84.4,94.1,92.1,87.5,84.9
2016-05-07,83,86.3,93.1,81.8,91.8,92.8,87.9,86.6,95.5,93.3,89.3,87.4
2016-05-08,80.4,86.3,92.3,76.6,86.1,98,91.5,82.5,89.1,87.8,90,82.9
2016-05-09,80.7,86.3,93.9,77.2,89.8,97.6,96.6,85,94.7,92.6,89.5,85.6
2016-05-10,81.3,86.3,93.6,78,87.8,96.7,96.9,85.8,93.3,91.4,86.9,86.5
2016-05-11,78.2,86.3,92.8,78,91.5,95.6,92,83.8,92.5,90.7,87.7,84.3
2016-05-12,81.3,86.3,90.6,73.5,90.4,91.6,79.8,80.9,94.5,92.4,88.8,81.1
2016-05-13,80.3,86.3,91.9,73.5,92.3,98,75.2,81.2,98.9,96.2,88.6,81.4
2016-05-14,80.6,86.3,92.4,77,93.2,98.8,78,85.4,96.2,93.9,89.6,86.1
2016-05-15,77,86.3,91.1,72.5,89.8,97.4,76.9,81.8,95,92.9,89,82.1
2016-05-16,85.2,86.3,92.2,75.8,92.5,99.4,85.5,84.2,91.8,90.1,90.9,84.7
2016-05-17,85.6,86.3,93.1,79.5,94.6,99.7,84.9,85.3,93.5,91.5,90.6,85.9
2016-05-18,81,86.3,90.7,73.6,87.6,96.6,81,80.3,90,88.6,87.1,80.5
2016-05-19,75.3,86.3,88.8,66,83.6,99.7,77.6,76.6,86.2,85.3,84.3,76.5
2016-05-20,87.2,86.3,93.5,77.3,92.9,99.6,82.8,85.6,99,96.3,90,86.2
2016-05-21,77.9,86.2,89.3,69.6,89.4,95.9,73.1,81.2,91.4,89.7,83.7,81.5
2016-05-22,80.7,86.3,91.8,72.5,92.4,97.4,77.1,82.4,98.9,96.2,90,82.8
2016-05-23,80.4,86.3,90.9,72.9,89.8,97.9,72.8,81.5,95.6,93.4,86.5,81.8
2016-05-24,84.5,86.3,92.4,78.1,93.8,98.6,78.6,84.3,95.3,93.1,92,84.8
2016-05-25,82.9,86.3,93.3,77.3,95.9,79.9,79.1,84.9,96.2,93.9,91.2,85.5
2016-05-26,82.1,86.3,90.1,77.5,85.5,85.9,79.7,79.6,88.2,87,86.7,79.7
2016-05-27,74.1,86.3,90.5,69.9,85.9,80.9,67.4,77,84.6,84,84.3,76.9
2016-05-28,83.3,86.3,89.1,75.5,91.1,82.3,79.2,80.6,94.6,92.5,89,80.8
2016-05-29,84.9,86.3,90.1,82.4,94,81.8,93.5,87.2,99.9,97.1,90.8,88
2016-05-30,82.8,86.3,84.8,76.2,81.8,81.9,89.3,80.6,89,87.7,87.1,80.8
2016-05-31,79.3,86.3,84.8,76.4,84.6,82,88.3,82.7,88,86.8,87,83.1
2016-06-01,79.2,86.3,87.6,75.1,89.6,82.6,89.5,83.8,95.6,93.4,89.8,84.3
2016-06-02,90.3,86.3,89.8,88.6,95.6,81.9,97.4,89.9,100,98.5,90.8,91
2016-06-03,90.4,86.3,88.1,87.7,92.6,100,91.2,88.5,100,98.1,89.6,89.5
2016-06-04,87.9,86.3,93.7,82.3,89.1,99.2,83.2,85,98.1,95.5,88.2,85.6
2016-06-05,79.4,86.3,94.8,78.7,84.7,91.5,83.4,82,89.4,88,86.4,82.3
2016-06-06,86.2,86.3,89.8,84.3,90.7,83.1,89.6,85.9,96.2,93.9,86.1,86.5
2016-06-07,80.8,86.3,82.2,78.2,88,76.6,84.5,82.3,93,91.1,86.2,82.7
2016-06-08,84.9,86.3,90.3,81.6,91.6,96,81.3,85.1,95.5,93.3,88.3,85.7
2016-06-09,73.9,86.2,82.2,71.2,83.7,72.6,71.7,79.4,90.6,89.1,81.6,79.5
2016-06-10,81.9,86.3,90.7,80.1,87,90.7,81.9,83.7,92.6,90.8,89.2,84.2
2016-06-11,85.1,86.3,82.6,81.9,95.5,85.4,77.6,86.9,97.8,95.2,89.1,87.7
2016-06-12,85.2,86.3,82.1,79,96.2,90.8,81.8,85.9,98.6,96,92.6,86.6
2016-06-13,85,86.3,81.6,81.8,95.8,87.3,82.8,85.6,99.3,96.5,92.2,86.3
2016-06-14,84.4,86.3,90.9,74.6,89.7,91.2,78.3,82.8,96.3,93.9,88.5,83.2
2016-06-15,80.1,86.3,84,77.2,93.5,94.5,77.1,83.1,96.9,94.5,88.3,83.5
2016-06-16,84.6,86.3,81.2,82.8,98.2,87,83,87.5,98.4,95.7,93.3,88.3
2016-06-17,84.9,86.3,88.6,80.7,96.1,85.8,78.3,86.3,90.9,89.4,89.7,87
2016-06-18,85.9,86.3,89.8,83.5,95.1,81.2,81.4,86.5,95.3,93.1,92.5,87.3
2016-06-19,87.2,86.3,85.1,80.4,95.7,86.9,80,85.8,98.3,95.7,92,86.4
2016-06-20,90.7,86.3,92.7,87.3,97.2,85.1,85.1,89.3,96.1,93.8,94,90.3
2016-06-21,83.8,86.3,87.2,81.2,96.3,92.3,83.3,86.7,97.4,94.9,92.7,87.4
2016-06-22,91.9,86.3,90.2,86,98.9,86.8,81.4,90.6,98.9,96.2,93.1,91.7
2016-06-23,89.6,86.3,92.9,79.9,98.5,81.5,78.2,86.5,97.3,94.8,92.2,87.2
2016-06-24,87.3,86.3,82.9,83.7,96.6,85.7,86.5,87.6,98.1,95.6,90.6,88.5
2016-06-25,84.4,86.3,86.4,80.6,92.4,92,77.6,82.8,97.6,95.1,89.5,83.2
2016-06-26,80.9,86.3,85.4,75.2,93.6,91.2,76.8,80.9,96.9,94.5,89.4,81.2
2016-06-27,81.8,86.3,88.9,73.9,94.7,92.4,74.9,81.5,98.5,95.8,90.8,81.7
2016-06-28,80.8,86.3,81.8,76.6,97.8,97.7,77,85,99.9,97.1,92.7,85.6
2016-06-29,81.1,86.3,87.5,76.8,97,97.5,71.8,83.5,95.7,93.4,90.3,84
2016-06-30,73.4,86.2,88.3,74.2,93.6,94.8,69.9,80.7,97.2,94.8,83.1,80.9
2016-07-01,78.1,86.3,86.5,77.6,91,88.7,74.1,82.1,92.3,90.6,85.3,82.4
2016-07-02,84.1,86.3,95.6,79.3,97.4,94.8,76.8,85.5,99.7,96.9,92.1,86.1
2016-07-03,80.2,86.3,87.8,72.7,91.5,80.6,79.5,82.5,93.1,91.2,87,82.8
2016-07-04,79.2,86.3,84.9,75,89.3,82.2,74.8,82.7,91.5,89.8,85.9,83.1
2016-07-05,82.1,86.3,88.8,79.7,88.8,87.4,87,84.8,93.1,91.2,87.4,85.4
2016-07-06,78.5,86.3,90.7,73.8,90,84.7,76.8,81.5,97.8,95.3,88.6,81.8
2016-07-07,78.5,86.3,97.9,76.3,92.7,94,73.6,82.8,99.8,96.9,88.5,83.2
2016-07-08,79.5,86.3,90.4,72.9,93.4,96.7,71.7,82.4,97.7,95.1,89.1,82.7
2016-07-09,78.1,86.2,91.2,65.1,87.6,93.3,67.7,78.2,91.6,90,83.3,78.2
2016-07-10,76.5,86.3,94.7,69.7,91.8,97.1,72,79.5,97.4,94.9,89.5,79.6
2016-07-11,78.9,86.3,87.9,73.1,91.8,88.5,73.1,81.1,94.2,92.2,88.5,81.4
2016-07-12,82.5,86.3,93.2,74.2,88.5,89.9,78.1,81.6,95,92.9,88.3,81.9
2016-07-13,83,86.3,95.8,76.8,89.7,92.3,79.4,85.1,95.6,93.4,87.1,85.7
2016-07-14,85.1,86.3,96.6,79.8,94.8,97.3,76.1,85.5,96.5,94.2,89.3,86.2
2016-07-15,77.8,86.3,90.6,70.9,86.5,88.4,75.6,80.9,92.4,90.6,84.7,81.1
2016-07-16,74.5,86.3,91.1,68.4,83.6,76.2,70.6,77.8,87.5,86.4,84.8,77.8
2016-07-17,80.8,86.3,90.8,74.4,90.8,85.8,74.6,81.7,94.9,92.8,89.5,82
2016-07-18,77.9,86.3,80.9,72.5,92.4,85.1,72.8,81.7,90.5,89,89.3,82
2016-07-19,80.7,86.3,95.4,78,91.9,87.4,77.3,83.7,99.3,96.5,91.7,84.2
2016-07-20,81.7,86.3,95.3,80.3,94.8,87.1,75.1,84.7,97.5,95,91.5,85.3
2016-07-21,87.2,86.3,88.1,80.8,91.5,91,78.9,84.9,98.2,95.6,91.3,85.5
2016-07-22,82.6,86.3,95.4,76,84.8,91.9,76.1,81.2,95.5,93.3,88.6,81.5
2016-07-23,85.4,86.3,86.4,72.5,85.1,87.7,76.5,79.4,93.7,91.8,86.7,79.5
2016-07-24,77.8,86.3,97.6,71.1,86.4,85.5,73,77.7,90,88.5,88.3,77.7
2016-07-25,81.8,86.3,88.9,78.7,92.6,76.9,73.2,83.7,94.4,92.4,89.5,84.2
2016-07-26,78.9,86.3,87,72.2,88.6,97.4,74.3,81.5,95.2,93.1,90.2,81.8
2016-07-27,79,86.3,92.9,78,95.9,97.7,69.2,85,94.7,92.6,89.2,85.6
2016-07-28,80.2,86.3,94,73.4,92.6,97.1,74.5,81.7,97.4,94.9,92.4,82
2016-07-29,85.7,86.3,89.7,76,94.8,96.5,79.6,84.9,96.9,94.5,93.8,85.5
2016-07-30,86.1,86.3,90.1,82.4,97.3,91.3,78.9,87.3,99.8,97,93.6,88.1
2016-07-31,83,86.3,93.8,77,92.5,88.7,76.2,82.8,96.9,94.5,92.5,83.2
2016-08-01,79.8,86.3,90.5,72.3,88,86.1,72.1,82,96.3,93.9,85.8,82.3
2016-08-02,78.9,86.3,88.6,73.3,88.1,86,69.1,81,96.2,93.9,85.5,81.3
2016-08-03,85.1,86.3,90.3,76.5,94.7,81.7,72.4,83.2,96.1,93.8,92,83.7
2016-08-04,75.4,86.3,94.1,73.3,89.1,70,66.7,79.1,96,93.8,87.5,79.2
2016-08-05,74.1,86.3,91.2,69.3,83.2,74,64.8,78,93.2,91.3,84.6,78
2016-08-06,74.2,86.3,86.4,67.3,83.5,75.8,68.6,76.4,89.8,88.4,84.9,76.2
2016-08-07,80.2,86.3,87.6,73.2,93.1,67.7,71.6,82.5,98.4,95.8,89.8,82.9
2016-08-08,79.6,86.3,84.8,75.3,91.9,70,73.1,82.7,97.8,95.3,89.4,83.1
2016-08-09,78.9,86.3,83.7,73.2,86.2,80,70.5,80.6,95.1,92.9,88.8,80.8
2016-08-10,77.2,86.3,81.7,71.8,86.4,79.1,66.7,78.3,93.1,91.3,86.3,78.3
2016-08-11,82,86.3,92.9,76.6,93.8,87.4,72.8,82.1,99.1,96.4,92.7,82.5
2016-08-12,77.4,86.3,90.4,71.3,87.3,83.4,68.8,79.1,91.1,89.5,87.7,79.2
2016-08-13,70.1,86.2,90.6,66.3,82.1,77.8,56.1,76.8,88.5,87.3,75.5,76.7
2016-08-14,75,86.2,78.7,69,84.9,80.6,65.3,78.2,88.9,87.7,80.2,78.2
2016-08-15,73.6,86.2,91.1,68.4,85.4,90.9,65.8,75.4,90,88.6,83.8,75.1
2016-08-16,82,86.3,92.5,73.2,92.5,94.6,69.1,81.7,97.8,95.3,89.1,82
2016-08-17,78.2,86.3,90.2,70.9,87.8,85.9,66.3,78.6,94.8,92.7,86.6,78.6
2016-08-18,80,86.3,81.6,73.4,93.8,90.5,70.8,82,99.8,97,89,82.3
2016-08-19,76.8,86.3,82.1,68,85.9,83,70.3,77.6,98,95.4,89.9,77.5
2016-08-20,74.8,86.3,89.2,67.3,82.7,89.5,65.5,77.6,91.1,89.5,86.3,77.5
2016-08-21,73.5,86.2,92.6,65,81.8,99.3,62.6,76.7,88.2,87.1,81.6,76.6
2016-08-22,76.3,86.3,87.8,69.2,91.1,96.8,71.8,78.9,96.8,94.4,88.9,78.9
2016-08-23,73.9,86.2,89.5,66.1,84.1,90.6,59.2,75.9,90.3,88.8,82.6,75.7
2016-08-24,59.3,86.2,87.6,57,69.3,80.6,47.9,67.8,75.5,76.2,73.2,66.8
2016-08-25,74.2,86.2,77.9,63.6,76.4,81.3,60.6,73.7,76.4,76.9,82.2,73.3
2016-08-26,86.3,86.3,87.1,79.3,94.9,95.1,71.6,84.4,99.1,96.3,91.3,85
2016-08-27,77.1,86.3,95.6,69.3,83.2,76.3,68,77.3,92.7,90.9,84.6,77.2
2016-08-28,73.2,86.2,88.1,66.4,81.9,64.4,68,76,88.5,87.3,82.9,75.8
2016-08-29,72.4,86.2,81.3,64.7,80.6,69.7,72.5,74.7,85.4,84.6,82.9,74.4
2016-08-30,75.7,86.3,89.8,70.9,86.1,78.1,77.5,79.2,91.4,89.8,89.8,79.3
2016-08-31,76.3,86.3,90.4,69.7,84.5,74.1,86.7,76,87.9,86.8,87.9,75.8
2016-09-01,82,86.3,79.6,78.1,92.1,78.5,78.5,85.6,97.1,94.7,90.8,86.2
2016-09-02,76.3,86.3,88.8,68.4,84.4,83.6,76.1,76.5,87.1,86.1,87.2,76.3
2016-09-03,74.5,86.3,92.9,67.3,84.5,81.7,69.8,74.6,86.1,85.3,87.6,74.3
2016-09-04,70.7,86.2,82.2,66.8,81.5,83.8,73.8,74.5,86.3,85.4,83.1,74.2
2016-09-05,80,86.3,89.3,79.2,94.2,97.2,77.1,85.6,96.5,94.1,89.4,86.3
2016-09-06,81.2,86.3,91.7,77.6,91.4,96.2,70.8,82.5,92.8,91,86.8,82.9
2016-09-07,74.6,86.2,91.7,70.6,84.4,96.1,58.7,78,88.6,87.4,81.7,78
2016-09-08,70.8,86.2,88.2,64,80.1,84.1,66,74,79.7,79.8,79,73.6
2016-09-09,71.6,86.2,84.4,67.9,88,88.7,66,75.9,89.1,87.8,82.8,75.7
2016-09-10,82.8,86.3,85,75.7,94.9,83.3,70.1,82.9,94.3,92.2,88.3,83.4
2016-09-11,83.7,86.3,94.7,83.5,94.7,96.5,77.2,86.8,96.8,94.4,88.7,87.6
2016-09-12,72.1,86.2,94.6,67.7,78.2,91.3,64.8,74.7,88.2,87.1,79.8,74.3
2016-09-13,68.2,86.2,88.3,61.8,77.4,82.4,77.9,70.7,82,81.7,77.7,70.1
2016-09-14,81,86.3,96.6,78.2,87.1,73.2,84.1,82.6,90.4,88.9,87.2,83
2016-09-15,78.4,86.3,92.3,76.5,82.7,83,73.6,79.9,94.7,92.6,84.3,80
2016-09-16,74.6,86.2,91.5,72.8,82.8,97.6,69.2,80.2,91.1,89.6,84.2,80.3
2016-09-17,75.4,86.2,92,72.4,85.6,96.6,67.5,78.5,88.8,87.6,83,78.5
2016-09-18,74.5,86.2,83.1,73.9,84.4,97,71.1,79.1,93,91.2,83.5,79.2
2016-09-19,86.9,86.3,93.8,88.2,94.6,89.6,85,88.9,96.7,94.3,91.3,89.9
2016-09-20,82.2,86.3,92.7,78.5,90.2,99.9,77.1,83.8,98.3,95.7,92.9,84.3
2016-09-21,75.5,86.3,90,73.7,83.7,99.7,66.4,79.6,89.5,88.2,87.4,79.8
2016-09-22,74.5,86.3,84.6,69.7,84.2,97.6,67.6,75.5,90.2,88.8,85.7,75.2
2016-09-23,83.5,86.3,89.5,75.3,93.1,97.7,72.1,82.6,95.6,93.3,88.9,83
2016-09-24,82.2,86.3,96,75.7,90.6,99.2,73.1,81.5,96.4,94.1,91.7,81.8
2016-09-25,78.5,86.3,90.7,73.9,89.6,98.3,74.5,79.5,98.7,96.1,91.4,79.6
2016-09-26,74.2,86.3,93.4,71.8,84.4,87.1,69,79.2,91.4,89.8,86.4,79.3
2016-09-27,73,86.3,93.6,67.2,85.3,83.4,71.4,75.6,91.3,89.7,86.1,75.4
2016-09-28,83,86.3,90.7,76,92.1,86.9,73.9,81.2,98.7,96,90.3,81.5
2016-09-29,72.7,86.3,87.8,69.1,81,96.1,76.5,76.8,88.4,87.2,84.6,76.6
2016-09-30,76.2,86.3,92.3,70.1,82.8,83.4,89.6,77.8,89.2,87.9,84.9,77.8
2016-10-01,85,86.2,94.7,84,83.1,86.9,87.7,85.8,93.3,91.4,83.2,86.5
2016-10-02,78.7,86.3,92.8,81,88.1,86.8,83.2,85.4,90.4,88.9,85.5,86
2016-10-03,74.5,86.3,87.1,76.5,87.2,80.3,70.2,82.1,93.5,91.6,87.7,82.5
2016-10-04,75.5,86.3,91.5,76.8,88.5,87,77.4,81.9,99.7,96.9,88.3,82.2
2016-10-05,80.8,86.3,89.7,80.9,94.2,83.8,89.9,82.6,98.2,95.6,89.4,83
2016-10-06,77.8,86.3,92.8,69.6,85.8,80.4,89.4,74,89.4,88.1,85.9,73.7
2016-10-07,78.8,86.2,93.1,77.1,84.6,78.4,94.4,73.9,94.5,92.4,83.3,73.5
2016-10-08,75.3,86.3,90.4,74.5,85.1,70.3,87.2,79.5,90,88.6,85,79.6
2016-10-09,76.4,86.3,91,75,88.6,80.6,87.3,82.3,92.2,90.5,88.4,82.6
2016-10-10,75.9,86.3,86.4,74.1,89.9,87.2,87.7,82,95.5,93.3,88.7,82.4
2016-10-11,75.9,86.3,82.8,76.5,88.5,86.4,92.8,83.5,93.8,91.9,88.4,83.9
2016-10-12,73.8,86.2,89.5,73.5,86.1,80.8,83.6,78.2,90.8,89.3,83.5,78.2
2016-10-13,78.3,86.3,95.4,81.8,91.7,81.7,84.6,83.4,91.9,90.2,85.1,83.8
2016-10-14,73.3,86.3,92.8,72.4,85.4,84.8,76,79.8,88.9,87.6,84.8,80
2016-10-15,71.3,86.3,90.1,71,85.1,90.8,74.6,77.9,91.3,89.7,85.1,77.9
2016-10-16,72.1,86.2,92.6,73.4,85.4,89,78.7,80.1,92.1,90.4,80.6,80.3
2016-10-17,65.3,86.2,91.2,65.6,78.8,80.4,69.9,74.9,84.2,83.6,80.4,74.6
2016-10-18,71,86.3,89.9,67.4,78,79.8,65,75.9,84,83.4,86.6,75.7
2016-10-19,62.3,86.2,81.6,63.7,75.3,86.4,59.3,73.2,83.2,82.8,77.4,72.8
2016-10-20,72.5,86.3,81.7,68.1,80.8,84.7,72.9,75.9,87.7,86.6,86,75.7
2016-10-21,72.2,86.2,88.7,69.6,83.7,92.3,71.1,76.8,93.6,91.7,83.8,76.7
2016-10-22,73.4,86.3,84.1,69.9,83.6,85.1,79.4,77.4,91.1,89.5,86.5,77.3
2016-10-23,74.2,86.2,89.6,72.7,82.6,90.5,87.4,77.7,89.4,88.1,83.5,77.7
2016-10-24,78.6,86.3,86.8,75.8,82.4,92.5,85.8,78.9,88.4,87.2,86,79
2016-10-25,78,86.2,87,70.7,83.3,87.9,88.3,73.1,85.3,84.6,79.6,72.7
2016-10-26,60.1,86.2,86.5,52.5,75.5,77.4,36.7,60.8,70.5,71.9,69.6,59.2
2016-10-27,50,86.2,86.8,49.1,73.4,70.6,41.6,62,66.1,68.1,73.5,60.5
2016-10-28,68.5,86.2,86.4,65.7,84.3,63.7,53.5,74.5,86,85.2,83,74.1
2016-10-29,74.3,86.3,87.1,75.1,84.2,87.5,69.8,79.9,88.3,87.1,85.5,80
2016-10-30,68.5,86.2,83.3,67.4,78.3,55.6,69.2,74.2,81.4,81.2,84.1,73.8
2016-10-31,70.1,86.2,86.4,70.3,79,57.9,75.4,76.8,86.2,85.3,82.3,76.7
2016-11-01,69.7,86.2,77,66.3,79.8,61.5,68.1,75.9,83.7,83.2,79.6,75.7
2016-11-02,69.7,86.2,90.3,64,77.6,64.3,75.5,68.9,85.8,85,80,68.1
2016-11-03,76.2,86.3,92.4,77.7,88.6,68.3,81.7,81.2,94.3,92.3,87.9,81.5
2016-11-04,73.1,86.3,80.6,75,88,85.6,68.2,81.9,93.3,91.4,86.2,82.2
2016-11-05,76.4,86.3,88.1,80.6,92.5,93.1,66.9,84.7,99.7,96.9,89,85.2
2016-11-06,72.5,86.3,74,73.6,88.3,69,71.1,80.5,96.2,93.9,86.6,80.7
2016-11-07,74.7,86.3,87.9,65.6,79.6,82.2,81.9,74.1,87.8,86.7,87.6,73.7
2016-11-08,72.1,86.3,79.9,64.2,79.6,79.7,83.6,71.6,86.3,85.4,84.9,71
2016-11-09,69.8,86.3,85.4,68.6,81.3,93.2,80.2,75.6,85.7,84.9,86,75.3
2016-11-10,74.5,86.3,96.7,74.5,84.7,95.2,85.6,79,84.9,84.2,85.4,79.1
2016-11-11,84.5,86.3,87.8,83.8,90.9,97.2,96.2,88.6,96,93.7,91.3,89.5
2016-11-12,75.6,86.3,84.5,77.1,82,98.6,94,79.2,88.1,87,84.5,79.3
2016-11-13,72,86.2,90.5,67.8,79.7,99.8,95.2,70.8,84.9,84.2,82.1,70.1
2016-11-14,70.9,86.2,89.3,63,80.1,96,55.3,67.3,84.9,84.2,74.7,66.3
2016-11-15,58.7,86.2,81.5,57,71.2,90.2,78.7,65.4,70,71.4,78.8,64.2
2016-11-16,69.4,86.2,83.5,65.3,80,78.2,66.6,73.5,83.6,83.1,81.8,73.1
2016-11-17,53.5,86.2,86.9,57.9,73.7,77.3,62.2,60.4,67.7,69.5,74.7,58.8
2016-11-18,63.5,86.2,93,67.6,80.9,78.9,67,70.2,78.5,78.8,77.7,69.5
2016-11-19,72.4,86.2,95.3,67.5,86.3,72.5,79.2,70.2,78.2,78.4,79.4,69.5
2016-11-20,63.1,86.2,84.7,59.1,74.6,58.7,58,68.9,78,78.3,78.1,68.1
2016-11-21,46.5,86.2,70.3,35.6,57.5,58,32.4,49,59.8,62.7,65.4,46.3
2016-11-22,62.3,86.2,73.3,53.6,74.2,64.8,52.4,62.2,71.5,72.7,72.8,60.8
2016-11-23,71.6,86.3,89.8,66.6,83.1,84.5,64.4,71.9,86.9,85.9,84.4,71.3
2016-11-24,69.4,86.3,83.2,65.4,82.7,57.8,64,75,85.8,85,85.2,74.7
2016-11-25,75.4,86.3,82.5,71.9,83.9,83.7,56.6,80.6,94.6,92.6,89.8,80.8
2016-11-26,78,86.3,73.7,70.9,86.3,67.1,80,76.5,88.9,87.6,89.2,76.4
2016-11-27,77.2,86.3,77.1,72.3,82.8,77.6,75.5,75.5,88.4,87.2,87.3,75.2
2016-11-28,72,86.3,83,69.7,81.5,78.3,77.2,75.3,86.8,85.8,85,75
2016-11-29,76.2,86.3,88.6,75.1,91.6,71.2,70.1,80.2,96.9,94.5,88.6,80.4
2016-11-30,72.5,86.3,87.2,72.5,83.4,80.1,71.3,77.8,93.1,91.3,90.1,77.8
2016-12-01,77.3,86.3,80.8,74.2,85,90.9,66.7,78.9,95.4,93.2,87.4,79
2016-12-02,80.8,86.3,81.1,77.8,85.4,93.7,88.7,80.1,94.7,92.6,87.8,80.3
2016-12-03,84,86.3,77.9,85,92.7,93.1,93.2,84.8,95.5,93.3,88.7,85.4
2016-12-04,77.2,86.3,75.5,76.9,85.3,93.4,89.3,80.6,90.2,88.7,85.8,80.8
2016-12-05,78.1,86.3,93.9,72.6,83.1,99.4,89.9,73.3,90.5,89,84.7,72.9
2016-12-06,76.4,86.3,88.1,69.4,84,99.2,89.2,80.3,91.1,89.6,85.5,80.5
2016-12-07,72.7,86.3,91.7,71.7,83.1,97.6,90.2,80.3,88.1,87,85.1,80.5
2016-12-08,76.9,86.3,91.9,75.4,84.4,99.6,90.1,80.3,88.5,87.3,86.5,80.5
2016-12-09,73.4,86.2,89.8,64.9,79.1,96.7,86.4,73.9,83.2,82.7,84.1,73.5
2016-12-10,68.3,86.2,88.1,69.1,81.2,91.7,71.2,80.3,83.6,83.1,83.8,80.5
2016-12-11,69.1,86.2,80.7,63.5,80.2,89.1,52.3,72.2,83.6,83.1,80.8,71.7
2016-12-12,73.7,86.3,88.9,70.2,82.2,94.8,71.3,80.3,88.2,87.1,84.9,80.5
2016-12-13,75.6,86.3,94.2,70.1,80.5,99.4,83.6,76.2,86.4,85.5,85.2,76
2016-12-14,78.9,86.3,91.9,73,82.6,91.2,90.5,80.3,85.6,84.8,86.2,80.5
2016-12-15,85.2,86.3,94.6,78.2,90.9,89.8,93.6,80.3,93.9,91.9,89.3,80.5
2016-12-16,89,86.3,94,89.1,97.6,84.2,88.7,88.5,99.7,96.9,93.4,89.4
2016-12-17,83.5,86.3,84.9,80.5,86.8,90.1,82.6,80.3,95.8,93.5,88.7,80.5
2016-12-18,79.5,86.3,81.9,76.1,86.9,98.1,88.1,80.3,91,89.4,87.4,80.5
2016-12-19,83.8,86.3,84.4,78.6,88.1,94,90.5,80.3,94.5,92.4,88.6,80.5
2016-12-20,76.8,86.3,80.9,78.9,87.1,97,85.9,80.3,92.2,90.4,87.5,80.5
2016-12-21,69,86.2,80.7,70.7,81.4,99.9,88.7,80.3,80.3,80.2,84.2,80.5
2016-12-22,66.2,86.2,81.4,65.6,80,98.9,74.5,72.5,81.3,81.2,82.3,72
2016-12-23,69.8,86.2,79.3,65.9,84.4,93.6,65.3,80.3,85.5,84.7,84.1,80.5
2016-12-24,75.1,86.3,75.3,77.3,87,98.1,82.2,80.3,91.6,90,87,80.5
2016-12-25,80,86.3,84.2,76.4,87.4,97.8,83.3,80.3,93.4,91.5,87.6,80.5
2016-12-26,80.2,86.3,81.4,76.6,87.5,89.8,87.5,80.3,87.9,86.7,87.7,80.5
2016-12-27,74.2,86.3,78.7,72.8,83.8,94.9,86.1,80.3,86.8,85.8,85.7,80.5
2016-12-28,76.8,86.3,84.6,76.9,93.4,93.6,87.8,80.3,90.5,89,88.2,80.5
2016-12-29,69.3,86.2,90.1,67.2,83.5,96.2,80.8,80.3,83,82.6,84.1,80.5
2016-12-30,81.4,86.3,88.6,78.2,89.1,99.9,85.9,82.3,93.7,91.8,88.8,82.6
2016-12-31,75,86.3,84.9,66.4,84.2,98.7,89.9,76.7,89.2,87.9,85.7,76.6
2017-01-01,75.5,86.3,87.2,76,90.3,98.8,87.3,81.2,95.2,93.1,88.3,81.4
2017-01-02,80.8,86.3,85,78.1,94,97.9,85.6,83.7,98.9,96.2,88.3,84.2
2017-01-03,73.6,86.3,80,72.9,83.5,99.4,84.7,77.8,87.1,86.1,88.3,77.7
2017-01-04,70.9,86.3,90.9,73.6,84.5,99.3,89.9,77.9,89.1,87.8,88.3,77.8
2017-01-05,81.4,86.3,93.1,78.8,91.4,99.9,95,82.7,96,93.8,88.3,83.1
2017-01-06,85,86.3,94,79.4,96.7,99.1,87.5,85.1,99,96.3,88.3,85.7
2017-01-07,78.6,86.3,97.9,77.1,91.9,99.9,89.2,82.1,95.4,93.2,88.3,82.5
2017-01-08,81.4,86.3,98.3,77.6,89.6,99.9,94.2,81.5,92.2,90.5,88.3,81.8
2017-01-09,82.1,86.3,97.5,78.9,87.5,99.3,96,81.8,95.2,93,88.3,82.1
2017-01-10,91.3,86.3,92.5,82.4,91.2,99.9,96,85.2,99.6,96.8,88.3,85.8
2017-01-11,85.5,86.3,87.7,78.4,87.2,99.7,88.7,82.2,94.4,92.3,88.3,82.6
2017-01-12,80.7,86.3,90.3,77.1,88.6,99.9,92.1,81.2,92.2,90.5,88.3,81.4
2017-01-13,83.7,86.3,95.4,78.6,91.8,99.9,92.2,82.9,94.7,92.6,88.3,83.3
2017-01-14,79.8,86.3,93.9,78.1,86.9,99.9,94.2,81.3,95.1,93,88.3,81.5
2017-01-15,84.9,86.3,91.5,79,86.1,98.9,90.8,82.2,96.1,93.8,88.3,82.5
2017-01-16,73.4,86.3,87.6,73.2,85.8,99.7,85,78.4,88,86.8,88.3,78.4
2017-01-17,71.7,86.3,95.6,72.1,83.1,99.1,82,77.3,87,86,88.3,77.2
2017-01-18,67.8,86.3,95,67.3,82.7,95.8,63.3,75.7,83.3,82.8,88.3,75.5
2017-01-19,68.7,86.3,94.7,68.4,77.1,91.6,79.8,73.6,77.7,78,88.3,73.2
2017-01-20,84.1,86.3,98.7,80.8,90.5,99.9,99.2,83.5,98.5,95.9,88.3,83.9
2017-01-21,86.3,86.3,83,77.7,86.5,97.9,84.7,81.9,93.1,91.3,88.3,82.3
2017-01-22,78,86.3,82.9,74.1,82.7,79.9,93.5,77.5,82.9,82.5,88.3,77.5
2017-01-23,75.9,86.3,85.4,71.5,85.6,95.6,64.4,78.2,89.4,88,88.3,78.2
2017-01-24,73.8,86.3,84.4,69.4,83.9,90.5,59.1,76.7,87.4,86.4,88.3,76.5
2017-01-25,82,86.3,90.7,78.1,92.1,91.3,85.5,83.3,97.8,95.3,88.3,83.7
2017-01-26,79.8,86.3,92.9,77,90.4,99.1,83.1,82.4,97.2,94.7,88.3,82.8
2017-01-27,81.1,86.3,93.2,77.1,91.8,99.9,77.9,83.4,99.3,96.5,88.3,83.8
2017-01-28,83.2,86.3,94,77.9,97.2,99.7,78.3,85,99.9,97.1,88.3,85.6
2017-01-29,80.1,86.3,96.5,76.5,91,99.9,78.8,82.6,97.5,95,88.3,83
2017-01-30,80.6,86.3,99.2,77.1,91.2,99.1,91.2,81.8,92.5,90.7,88.3,82.1
2017-01-31,83.4,86.3,93.3,79.9,91.7,98.1,95,83.5,98.2,95.6,88.3,84
2017-02-01,80.1,86.3,94.4,77.6,89.6,99,92.1,81.7,94.1,92.1,88.3,82
2017-02-02,79.4,86.3,96.9,78.3,90.9,99.4,96.2,82,95.2,93,88.3,82.4
2017-02-03,84.3,86.3,91.9,79.8,95.1,99.9,90.5,84.7,99.4,96.7,88.3,85.2
2017-02-04,85.1,86.3,91.7,77.9,92.3,96.8,80.7,83.7,97,94.6,88.3,84.2
2017-02-05,87,86.3,96.4,77.6,94.5,99.8,78.5,84.3,95.6,93.4,88.3,84.8
2017-02-06,80.5,86.3,95.5,76.9,90.9,99.6,81,82.7,97.5,95,88.3,83.1
2017-02-07,80.8,86.3,93.8,76.8,89.7,99.8,79.9,82.5,97.3,94.8,88.3,82.8
2017-02-08,76.8,86.3,97.6,74.9,88.2,99.9,91.7,79.4,87.5,86.5,88.3,79.5
2017-02-09,76.9,86.3,95.2,75.2,88.3,99.9,90.2,79.8,89.4,88,88.3,80
2017-02-10,75.4,86.3,90.3,74.8,83.2,99.8,94.4,80.6,92.4,90.7,88.3,80.8
2017-02-11,78,86.3,82.4,77.1,88.2,97.1,94.6,80.8,93.1,91.2,88.3,81
2017-02-12,71.1,86.3,95.2,72.7,88.9,99.8,93.1,77.8,84.1,83.5,88.3,77.8
2017-02-13,69.5,86.3,93.8,71.2,83.3,99.8,90.8,75.7,81.1,81,88.3,75.5
2017-02-14,73.4,86.3,88.2,72.8,84,96.6,87.6,77.4,85.2,84.5,88.3,77.4
2017-02-15,81.5,86.3,92.5,77.3,89.6,95.3,88.3,81.9,93.9,91.9,88.3,82.2
2017-02-16,74.3,86.3,90.5,76.2,87.4,93.1,89.1,80.5,96,93.8,88.3,80.8
2017-02-17,75.3,86.3,93.5,76.4,85.1,90.3,93.4,79.7,93.6,91.6,88.3,79.9
2017-02-18,70.2,86.3,87.1,72.7,84.4,95.1,81.9,78,90.6,89.1,88.3,78
2017-02-19,71.1,86.3,92.3,70.7,82.1,92.1,85.8,75.7,80.7,80.6,88.3,75.5
2017-02-20,76.9,86.3,91.7,76,84.6,97.8,95.2,79.1,89.5,88.2,88.3,79.2
2017-02-21,79.9,86.3,92.4,76.3,83.9,96.4,91.9,79.6,89.9,88.5,88.3,79.7
2017-02-22,90.9,86.3,95,82,89.4,97.3,95.2,84.6,99,96.3,88.3,85.2
2017-02-23,81.7,86.3,85.8,79,88.8,97.3,96.2,82.1,95.6,93.4,88.3,82.4
2017-02-24,86.8,86.3,87,80.2,91.3,95.8,96.4,83.5,95.6,93.4,88.3,84
2017-02-25,91.6,86.3,88.5,82.6,94.6,92.8,99.4,85.7,98.3,95.7,88.3,86.4
2017-02-26,87.8,86.3,91.8,80.2,92.7,93,92.6,84.3,96.8,94.4,88.3,84.8
2017-02-27,80.2,86.3,88.1,78.6,88.2,96.9,95.5,81.8,96,93.7,88.3,82.1
2017-02-28,83.1,86.3,85.7,78.7,88,93.5,97.9,81.6,92.7,90.9,88.3,81.9
2017-03-01,82.6,86.3,92.3,79,91.2,95.9,96.6,82.6,94.7,92.6,88.3,83
2017-03-02,81.7,86.3,92.2,77.8,89.1,96.9,89.6,82,95.1,93,88.3,82.4
2017-03-03,81.1,86.3,96.4,78,90.9,99.9,94,82,93.7,91.8,88.3,82.4
2017-03-04,84,86.3,90.4,77.7,91.9,98.6,89.9,82.5,92.6,90.8,88.3,82.9
2017-03-05,81.2,86.3,94.4,77.4,89.8,99.8,87.9,82.1,94.9,92.8,88.3,82.4
2017-03-06,81,86.3,98,77,87.7,99.9,85.5,81.6,94.9,92.8,88.3,81.9
2017-03-07,81.4,86.3,95.6,78.2,89.9,99,92.4,82.2,95.2,93,88.3,82.5
2017-03-08,81.5,86.3,90.1,78.6,90.6,93.9,95.8,82.2,94.7,92.6,88.3,82.6
2017-03-09,84.9,86.3,91.1,80,90.3,94.1,98.6,83,95.5,93.3,88.3,83.4
2017-03-10,90.2,86.3,93.7,81.9,95.8,93.3,94.9,85.9,99.6,96.8,88.3,86.6
2017-03-11,87.1,86.3,89.2,80.9,92.3,95.4,94.2,84.5,99.2,96.5,88.3,85.1
2017-03-12,84,86.3,88.7,80.5,91.2,91.9,96.4,83.7,99.2,96.4,88.3,84.2
2017-03-13,82.5,86.3,87.4,77.9,87.7,98,94.8,81.3,92,90.3,88.3,81.5
2017-03-14,92.9,86.3,91.5,82.2,94,92.2,98,85.5,96.6,94.3,88.3,86.1
2017-03-15,88.8,86.3,80.9,81.2,86.7,86.8,94.1,83.6,98.7,96.1,88.3,84.1
2017-03-16,82.2,86.3,88.1,76.8,85.3,92.6,86.7,80.8,92.6,90.8,88.3,81.1
2017-03-17,83.4,86.3,86.9,78.5,91.3,95.7,88.9,83.1,96.5,94.2,88.3,83.6
2017-03-18,81.8,86.3,88.9,78.1,88.7,96.3,92.3,81.8,94.3,92.3,88.3,82.1
2017-03-19,87.2,86.3,88.2,79.2,90.5,93.9,88.4,83.5,95.9,93.7,88.3,84
2017-03-20,86.3,86.3,86.4,79.1,87.9,89.6,88.1,82.9,96.3,94,88.3,83.3
2017-03-21,81.6,86.3,91.3,77.8,87.7,93.9,89.1,81.8,95.2,93.1,88.3,82.1
2017-03-22,87.4,86.3,98.2,80,94.1,92.1,89.5,84.7,97.9,95.4,88.3,85.3
2017-03-23,82.3,86.3,87.4,78.3,90.9,94.5,94.6,82.3,93.7,91.8,88.3,82.6
2017-03-24,89.1,86.3,96.2,81,92.4,96.6,98.7,84.2,95.4,93.2,88.3,84.7
2017-03-25,87.5,86.3,84.1,80,89.8,95,91.7,83.6,96.6,94.3,88.3,84
2017-03-26,91.1,86.3,90.6,82.6,93.8,92.3,99,85.6,99.1,96.3,88.3,86.2
2017-03-27,87.6,86.3,88.6,80.2,91,96.1,91.6,84,97.3,94.8,88.3,84.5
2017-03-28,87.6,86.3,84.6,79.2,88.5,92.8,91.4,82.7,93.7,91.8,88.3,83.1
2017-03-29,80.2,86.3,89.7,78.8,89.5,97.4,96.4,82.1,96.4,94.1,88.3,82.5
2017-03-30,81.9,86.3,96.7,78.6,86.2,100,95.7,81.4,94.5,92.5,88.3,81.6
2017-03-31,93.3,86.3,91.2,83.1,95.3,99.6,97.5,86.5,99.9,97.1,88.3,87.2
2017-04-01,87.4,86.3,80.9,79.2,91,91,87.9,80.5,97.5,95,88.3,80.7
2017-04-02,85.9,86.3,87.7,79.5,90.1,95.2,87.5,83.1,96.8,94.4,88.3,83.5
2017-04-03,83,86.3,96.3,78.8,91.6,99.6,85.5,86.4,94,92,88.3,87.1
2017-04-04,81.8,86.3,89.3,78,87.5,95.4,86.7,83.5,95.1,93,88.3,83.9
2017-04-05,84.4,86.3,83.9,79.8,94.9,93.9,81.1,88.8,95.5,93.3,88.3,89.8
2017-04-06,89.1,86.3,99.4,82.1,95.4,100,86.3,87.3,99.1,96.3,88.3,88.2
2017-04-07,83.8,86.3,93.2,80.4,93.6,99.9,87.9,87,97.2,94.7,88.3,87.7
2017-04-08,84.3,86.3,95.5,82,90.3,100,96.8,87.3,97,94.6,88.3,88.2
2017-04-09,83,86.3,91.4,82,90.8,100,98.9,87,97.8,95.2,88.3,87.8
2017-04-10,84.4,86.3,87.2,79.2,89.1,95.3,93.4,81.2,96.4,94,88.3,81.5
2017-04-11,87.4,86.3,92.7,80.1,90.4,98.3,94.4,80.5,97.4,94.9,88.3,80.7
2017-04-12,82.4,86.3,93.6,78.1,92,97.7,92.3,80.5,95.6,93.4,88.3,80.7
2017-04-13,80.2,86.3,99.3,76.8,95.6,99.3,80.9,80.5,98.6,96,88.3,80.7
2017-04-14,81.3,86.3,90.9,76.1,94.7,93.8,77.4,80.5,97.2,94.7,88.3,80.7
2017-04-15,76.9,86.3,93.8,74.7,91.3,94.9,76.6,80.5,96.3,94,88.3,80.7
2017-04-16,80.9,86.3,89.1,75.9,90.8,92.7,79,80.5,95.8,93.5,88.3,80.7
2017-04-17,80.4,86.3,88.2,76.7,89.5,93.5,82.7,80.5,97.2,94.8,88.3,80.7
2017-04-18,77.9,86.3,86,78.7,88.6,96,93.6,82,99.2,96.5,88.3,82.4
2017-04-19,86.4,86.3,99.6,82.3,93.8,100,95.3,85.7,99.3,96.6,88.3,86.3
2017-04-20,82.5,86.3,88.9,79.7,90.7,97.9,95.9,87.3,92.7,90.9,88.3,88.1
2017-04-21,85.2,86.3,87.6,79.7,92.1,95.7,89.7,84.7,95,92.9,88.3,85.3
2017-04-22,76.4,86.3,89.6,73.3,87,91.2,82.8,79.9,88.9,87.7,88.3,80.1
2017-04-23,79.9,86.3,93.9,75.8,89.3,95.5,84.9,80.7,92.9,91,88.3,80.9
2017-04-24,81,86.3,97.8,78.4,89.9,100,88,83.9,96,93.7,88.3,84.4
2017-04-25,82.5,86.3,90.4,77.1,85.4,94.8,94.1,78.8,93,91.1,88.3,78.9
2017-04-26,87.7,86.3,87.5,80.6,90.3,96.2,96.6,84,93.4,91.5,88.3,84.6
2017-04-27,81.2,86.3,94.2,76.7,87.7,96.5,89.7,81.6,91.4,89.8,88.3,81.9
2017-04-28,83.3,86.3,89.4,78.9,91.7,96.1,84.2,83.3,98.5,95.8,88.3,83.7
2017-04-29,87.5,86.3,88.5,82,94.8,98.3,84.6,88.7,99.3,96.6,88.3,89.6
2017-04-30,84.2,86.3,92.4,80.4,94.8,99.2,84.6,86.7,98.7,96,88.3,87.5
2017-05-01,80,86.3,89.5,77.6,91.4,95.5,80.5,83.9,98.1,95.5,88.3,84.4
2017-05-02,83.3,86.3,97.4,78.5,90.1,99.5,79.4,84.7,97.8,95.2,88.3,85.3
2017-05-03,79.5,86.3,88.6,76.3,90.1,93.4,79.5,83.1,95,92.9,88.3,83.5
2017-05-04,85.3,86.3,97.3,81.7,95,100,89.6,88.3,98,95.4,88.3,89.2
2017-05-05,86.8,86.3,93.8,81.2,93.3,100,90.2,86.5,96.5,94.2,88.3,87.2
2017-05-06,84.9,86.3,90.3,81.2,90.9,99.2,96.5,86.6,94.9,92.8,88.3,87.3
2017-05-07,86.5,86.3,89.3,82.1,90.9,99.4,99.5,86.1,95.7,93.4,88.3,86.8
2017-05-08,83.2,86.3,87.6,80.5,89.1,97.5,97.7,83.9,96.4,94.1,88.3,84.4
2017-05-09,83,86.3,88.1,80.9,89.6,98.3,97.5,85,96.9,94.5,88.3,85.6
2017-05-10,90.1,86.3,96.8,84,92.4,100,95.6,88.3,98.8,96.1,88.3,89.2
2017-05-11,88.6,86.3,91.1,82.4,90,100,98.2,84.8,97.1,94.7,88.3,85.4
2017-05-12,86.7,86.3,90.6,80.7,86.9,98.3,97.7,82.3,96.3,94,88.3,82.6
2017-05-13,83.7,86.3,88.4,77.9,88,94.3,93.4,80,93.5,91.6,88.3,80.2
2017-05-14,89.2,86.3,99.9,82.2,93.3,100,91.1,85.7,98.7,96.1,88.3,86.4
2017-05-15,91.6,86.3,97.8,83.8,91.6,100,89.7,90.2,97.8,95.2,88.3,91.2
2017-05-16,82,86.3,92,79,88.5,98,90.7,83.7,95.9,93.7,88.3,84.2
2017-05-17,82.1,86.3,95.7,79,88.9,100,92.1,84.2,94.7,92.6,88.3,84.7
2017-05-18,79.9,86.3,99.8,76.7,86.8,99.7,88.7,82.7,91.7,90,88.3,83.1
2017-05-19,77.9,86.3,99.2,75.9,86.6,99.1,92.8,81.5,90,88.5,88.3,81.8
2017-05-20,86.2,86.3,96,81.7,93.8,100,90.1,88.3,96.9,94.5,88.3,89.2
2017-05-21,86.8,86.3,91.6,82.4,93.5,100,94.1,88.5,96.6,94.2,88.3,89.4
2017-05-22,82.2,86.3,98.7,80.1,91.7,100,95,86.6,94.1,92.1,88.3,87.4
2017-05-23,83,86.3,92.6,78.4,90.2,97.2,84.6,84,95.9,93.6,88.3,84.6
2017-05-24,80.7,86.3,97.2,76.3,91.1,97.4,77.6,81.7,96.7,94.3,88.3,82
2017-05-25,83.8,86.3,94.7,77.3,93.3,96.5,80.2,82.6,95.2,93,88.3,83
2017-05-26,79.1,86.3,87.7,76.5,90.9,93.5,81.2,82.7,95.8,93.6,88.3,83.2
2017-05-27,81.3,86.3,92.2,75.2,90,93.3,74.1,81.7,94.1,92.1,88.3,82
2017-05-28,78.6,86.3,95.9,74.8,91.3,95.4,71.9,84.9,92.3,90.5,88.3,85.5
2017-05-29,81.8,86.3,85,74.5,86,88.5,75.5,82.5,89.2,87.9,88.3,82.9
2017-05-30,81.1,86.3,91.2,75.7,89.6,93.5,78,82.8,92.7,90.9,88.3,83.2
2017-05-31,83.5,86.3,96.6,79.5,94.2,100,81.4,86.7,97.8,95.3,88.3,87.4
2017-06-01,80.4,86.3,96.4,77.2,89.5,98.3,77.5,83.6,98,95.4,88.3,84.1
2017-06-02,80.2,86.3,86.3,76.7,89.1,92.6,78.4,82.8,96.7,94.3,88.3,83.3
2017-06-03,84.6,86.3,89.6,79.8,91.9,96.8,82.1,85.1,99.3,96.5,88.3,85.8
2017-06-04,84.9,86.3,95.2,78.9,95.1,98.4,79.3,83,99.8,97,88.3,83.4
2017-06-05,85.5,86.3,98.8,78.5,93.3,99.5,77.2,83.8,98.2,95.6,88.3,84.3
2017-06-06,72.1,86.3,96.3,69.3,78.6,90.6,65.7,75,84.5,83.9,88.3,74.7
2017-06-07,72.8,86.3,98.5,66.3,80.4,87.8,73.3,74.2,78.8,79,88.3,73.9
2017-06-08,80.7,86.3,93.2,76.7,84.2,96.3,94.9,82,88.8,87.5,88.3,82.3
2017-06-09,86.8,86.3,90.3,80.3,85.9,97.4,90.5,84.9,95.1,93,88.3,85.5
2017-06-10,89.6,86.3,98.5,82.1,94.1,100,89.3,88.5,95.3,93.1,88.3,89.5
2017-06-11,80.8,86.3,99,77.7,88.8,100,91.8,84.2,91.1,89.6,88.3,84.8
2017-06-12,78.7,86.3,99.2,73.8,85.3,96.2,91.8,76.5,88.2,87.1,88.3,76.3
2017-06-13,85.6,86.3,99.8,80,92.3,100,83.2,85.9,97.7,95.2,88.3,86.5
2017-06-14,90.6,86.3,89.7,82.7,96.7,98.8,85.6,88.3,98.9,96.2,88.3,89.2
2017-06-15,85.9,86.3,94,80.4,93.5,99.4,80.2,86.9,99.2,96.5,88.3,87.7
2017-06-16,85,86.3,97.2,79.8,93.5,100,80.6,86.7,98.2,95.6,88.3,87.4
2017-06-17,75.8,86.3,98.8,74.2,85.3,97.3,87.7,81.9,87.8,86.7,88.3,82.3
2017-06-18,75.4,86.3,99.9,73.9,84,97.6,89.2,78.9,89.8,88.4,88.3,78.9
2017-06-19,77.3,86.3,94.2,75.8,91.2,96.4,83.7,83.3,92.5,90.8,88.3,83.8
2017-06-20,92.3,86.3,99.9,84.6,97.3,100,92.2,89.6,99.3,96.5,88.3,90.6
2017-06-21,84.7,86.3,97.9,81.6,96.2,100,83.3,89.5,99.9,97.1,88.3,90.5
2017-06-22,83.8,86.3,98.2,76.2,85.8,96.9,75.6,82.6,93.7,91.8,88.3,83
2017-06-23,76.5,86.3,89.8,71.2,82.7,88.4,74.3,79.4,86.3,85.4,88.3,79.5
2017-06-24,76.2,86.3,99.9,73.5,86.8,96.5,73.3,80.2,94.5,92.4,88.3,80.4
2017-06-25,82.5,86.3,93.6,75.7,89.8,94.1,73.4,83.8,92.5,90.7,88.3,84.3
2017-06-26,80.7,86.3,99.3,78,90.4,100,86,84.8,94.7,92.6,88.3,85.4
2017-06-27,79.3,86.3,97.8,74,85.2,95.4,87.6,78.9,87.6,86.5,88.3,78.9
2017-06-28,79.7,86.3,95.1,78.3,89.6,99.4,88.6,86,94,92,88.3,86.7
2017-06-29,80,86.3,99.8,78.7,91.1,100,85.7,85.6,96.9,94.5,88.3,86.2
2017-06-30,79.5,86.3,92.8,75.9,91.4,95,73.1,83.5,96.6,94.2,88.3,84
2017-07-01,74.9,86.3,98.8,74.5,92.6,97.6,67.4,83.4,98.6,96,88.3,83.9
2017-07-02,80.3,86.3,99.6,77.3,91,100,75.1,83.4,99.9,97.1,88.3,83.8
2017-07-03,81.6,86.3,91.4,78.4,95.1,96.8,77.9,85.2,99,96.3,88.3,85.9
2017-07-04,81.7,86.3,95.7,76.3,92.3,96.3,76.1,82.9,95.1,93,88.3,83.3
2017-07-05,81.3,86.3,98.6,75.6,93.3,97,74.9,84.2,92,90.3,88.3,84.8
2017-07-06,82.2,86.3,89.2,77.3,90.6,94.1,75.1,83.5,98.2,95.6,88.3,84
2017-07-07,82.6,86.3,95.3,78.9,97.4,99.1,74.5,87.9,98.4,95.8,88.3,88.8
2017-07-08,75.5,86.3,93.5,73.6,92.3,93.6,69.9,82.8,94.2,92.2,88.3,83.2
2017-07-09,75.5,86.3,86.1,72.3,92.1,88.2,68.2,79,95.1,92.9,88.3,79.1
2017-07-10,76.7,86.3,85.6,66.4,85.5,79.9,59.6,78.3,77.9,78.2,88.3,78.3
2017-07-11,76.9,86.3,97.9,71.3,82.5,91.3,60.3,77.6,93,91.2,88.3,77.5
2017-07-12,63.9,86.3,89.3,60.9,75.5,78.4,43.9,74.5,82,81.8,88.3,74.2
2017-07-13,64.2,86.3,97.8,61,76.8,83,54.9,73.9,77.2,77.6,88.3,73.5
2017-07-14,71.3,86.3,89.9,66.3,79.8,83.9,75.1,73.5,80,80,88.3,73.1
2017-07-15,69.6,86.3,87.6,66.1,80.5,83,73.7,75.3,79.4,79.5,88.3,75
2017-07-16,67.6,86.3,85.3,66.5,79.2,83.2,82.6,71.2,82.9,82.5,88.3,70.6
2017-07-17,82,86.3,93.8,77.4,94.1,96.6,77.7,84.9,95.5,93.3,88.3,85.5
2017-07-18,86.3,86.3,97.6,79.2,97.3,99.6,79.2,84.5,98,95.4,88.3,85.1
2017-07-19,83.3,86.3,87,79.5,96.2,95.5,78.4,87.1,99.1,96.4,88.3,87.9
2017-07-20,74.9,86.3,82.4,70.3,86.9,84.1,78.3,75.7,86.9,85.9,88.3,75.5
2017-07-21,72.5,86.3,99.6,65.1,84.2,86.8,65.3,72.3,81.2,81,88.3,71.8
2017-07-22,83.9,86.3,93,78.3,96.8,96.7,73.1,84.6,99.9,97.1,88.3,85.2
2017-07-23,76.4,86.3,86.4,74.6,92.1,91,71.4,79.9,99.7,96.9,88.3,80.1
2017-07-24,82.7,86.3,98.5,77.9,98.1,99.5,78.7,82.9,98.7,96,88.3,83.3
2017-07-25,86.7,86.3,97.9,80.9,97,100,82.7,87.5,98.3,95.7,88.3,88.4
2017-07-26,84.3,86.3,99,79,94.4,100,80.2,86.9,95.6,93.4,88.3,87.7
2017-07-27,69.2,86.3,91.9,69.1,84.2,89,70,79.2,87.9,86.8,88.3,79.3
2017-07-28,86.7,86.3,98.3,78.9,95.2,99.5,76.1,84.5,98.3,95.7,88.3,85.1
2017-07-29,88.9,86.3,94.9,79.8,93.4,98.1,77.5,84.3,99,96.3,88.3,84.8
2017-07-30,85.4,86.3,93.2,78.2,91.8,96.3,75.3,84.3,97.6,95.1,88.3,84.9
2017-07-31,85.2,86.3,92.1,75.8,91,92.8,74.4,81.1,93.6,91.7,88.3,81.3
2017-08-01,78.8,86.3,83.6,69.2,85,82,73,76.6,81.2,81,88.3,76.5
2017-08-02,72.5,86.3,82.1,66,79.8,74.9,71.4,72.5,80.9,80.8,88.3,72
2017-08-03,75.3,86.3,82.3,72.1,88,79.7,73,78.7,92.3,90.5,88.3,78.8
2017-08-04,79.7,86.3,90.6,72.9,89.8,83,69.3,80.3,91.3,89.7,88.3,80.5
2017-08-05,81.8,86.3,92.1,75.9,92,83.8,72.6,82.1,96.4,94,88.3,82.5
2017-08-06,77.3,86.3,96.5,72.5,90.1,76.3,70.1,79,93.4,91.5,88.3,79
2017-08-07,82,86.3,94.9,76.1,93,84,76.3,81.1,96.3,94,88.3,81.3
2017-08-08,84.4,86.3,92.8,79.4,90.7,76,83.9,84.9,97.5,95,88.3,85.5
2017-08-09,80.7,86.3,84,75.5,91.6,82.7,70.5,81,98.6,96,88.3,81.3
2017-08-10,79.5,86.3,94,73.4,83.7,89.6,72.4,78.6,93.8,91.8,88.3,78.6
2017-08-11,75.3,86.3,88.5,71.2,80.9,85,83.7,77.8,84.3,83.7,88.3,77.8
2017-08-12,73.7,86.3,91.7,71.8,82.4,83.6,79,80.6,87,86,88.3,80.8
2017-08-13,74.5,86.3,87,71.6,85.9,86.6,72.8,76.6,93.6,91.7,88.3,76.5
2017-08-14,66,86.3,95.3,58.9,77.3,81.7,60.7,66.2,74.3,75.1,88.3,65.1
2017-08-15,69,86.3,93.2,65.9,80.7,79.4,66.8,72.3,86.5,85.6,88.3,71.8
2017-08-16,76.4,86.3,90.7,72.1,86.9,74,72.2,79.3,90.9,89.4,88.3,79.4
2017-08-17,71.3,86.3,90.5,64.5,78.5,77,73.5,70.7,77.6,77.9,88.3,70
2017-08-18,77.2,86.3,90.5,73.5,86.5,80.5,85.5,77.8,90.4,88.9,88.3,77.7
2017-08-19,80.7,86.3,90.5,75.6,84.5,86.4,83.5,82.8,89.5,88.2,88.3,83.3
2017-08-20,75.2,86.3,90.5,70.8,81.8,82.8,74.2,78.6,87.2,86.2,88.3,78.6
2017-08-21,87.3,86.3,90.5,80.1,96,78.2,76.8,87.4,98.3,95.7,88.3,88.2
2017-08-22,85.2,86.3,90.5,78.2,95.2,85,75.4,83.4,98.7,96.1,88.3,83.9
2017-08-23,76.8,86.3,90.5,70.4,83.8,94.3,72.7,77,87.1,86.1,88.3,76.9
2017-08-24,72.8,86.3,90.5,66.4,81,88.4,72,70.7,84,83.4,88.3,70
2017-08-25,81.6,86.3,90.5,78.1,94.3,74.6,76.6,85.7,98.3,95.7,88.3,86.3
2017-08-26,79.5,86.3,90.5,74.2,88.4,84.5,79.4,81.6,89.4,88.1,88.3,81.9
2017-08-27,85.8,86.3,90.5,78,90.7,87.2,81.9,85,92,90.3,88.3,85.6
2017-08-28,82.7,86.3,90.5,79.1,89.5,91.6,80.6,85.7,98.8,96.1,88.3,86.4
2017-08-29,84.3,86.3,90.5,78.3,90.4,96.2,72.7,86.7,97.4,94.9,88.3,87.4
2017-08-30,82.3,86.3,90.5,75.8,89.7,86.2,74.2,80.4,97.1,94.7,88.3,80.5
2017-08-31,76,86.3,90.5,70.7,86.6,90.9,67.5,79.8,88,86.9,88.3,79.9
2017-09-01,77.2,86.3,90.5,72.5,87.7,93.5,69.3,79.9,92.7,90.9,88.3,80.1
2017-09-02,76.8,86.3,90.5,74.5,91.5,92.6,69,81.4,98.3,95.7,88.3,81.7
2017-09-03,80.2,86.3,90.5,72.3,88.7,93.8,69.4,77.9,91.4,89.8,88.3,77.9
2017-09-04,75.8,86.3,90.5,68.6,87.6,98.5,65.9,76.4,85.7,84.9,88.3,76.2
2017-09-05,68.3,86.3,90.5,62.1,77.3,85.3,65.3,70.9,75.6,76.2,88.3,70.3
2017-09-06,78.9,86.3,90.5,74.7,91.6,91.2,73.2,80.8,95.7,93.5,88.3,81.1
2017-09-07,71.4,86.3,90.5,65.5,78.7,90,70.4,71.8,81.5,81.3,88.3,71.2
2017-09-08,75.3,86.3,90.5,70.6,82.7,86.8,78.3,76.6,86.4,85.5,88.3,76.5
2017-09-09,79.5,86.3,90.5,76.2,87.5,81.1,87.3,78.4,96.2,93.9,88.3,78.4
2017-09-10,80.3,86.3,90.5,75.7,86.6,87.2,77.6,81.4,95.4,93.2,88.3,81.6
2017-09-11,75.7,86.3,90.5,70.9,85.9,91.1,73.7,77.8,88.4,87.2,88.3,77.8
2017-09-12,73.1,86.3,90.5,68.4,83.9,80.9,71.6,75.3,85.8,85,88.3,75
2017-09-13,77.7,86.3,90.5,75.3,89.4,80.9,75.4,81.3,97.5,95,88.3,81.6
2017-09-14,78.1,86.3,90.5,74.9,91.2,88.6,75.7,81.5,95.2,93,88.3,81.7
2017-09-15,77.5,86.3,90.5,73.9,91.7,92.6,72.1,80,95.7,93.4,88.3,80.2
2017-09-16,78.3,86.3,90.5,75.5,92.2,90.4,73.8,82,97.5,95,88.3,82.3
2017-09-17,78.1,86.3,90.5,73.8,91.1,88.8,70,80.2,95.9,93.6,88.3,80.4
2017-09-18,75.8,86.3,90.5,74.4,94.3,95.5,70.4,83.6,95.7,93.4,88.3,84.1
2017-09-19,63.7,86.3,90.5,63.3,78.1,91,53.2,72.7,88.2,87.1,88.3,72.2
2017-09-20,65.4,86.3,90.5,61.5,75,88.2,50.8,71.5,82.9,82.5,88.3,70.9
2017-09-21,68.2,86.3,90.5,60.7,77.3,81.4,57.6,68.7,77.3,77.7,88.3,67.9
2017-09-22,75.9,86.3,90.5,70.1,84.2,79.6,66.2,78.4,88.6,87.4,88.3,78.4
2017-09-23,80.9,86.3,90.5,75.4,90,84.6,73.2,83.1,94,92,88.3,83.5
2017-09-24,78.7,86.3,90.5,75,91,85.2,73.4,82.1,95.4,93.2,88.3,82.5
2017-09-25,79,86.3,90.5,75.3,90.3,88.1,72.7,82.2,96.6,94.2,88.3,82.6
2017-09-26,73.8,86.3,90.5,70.8,82.8,87.4,73.2,77.5,90.3,88.8,88.3,77.4
2017-09-27,71.3,86.3,90.5,67,80.6,85.8,76.2,74,81.5,81.3,88.3,73.6
2017-09-28,75,86.3,90.5,72.2,84.7,83.4,80.5,77.3,90.8,89.2,88.3,77.2
2017-09-29,72.3,86.3,90.5,72.2,87.5,86.3,87.4,77.1,89.9,88.5,88.3,76.9
2017-09-30,86.1,86.3,90.5,80.9,92.6,95.7,86.8,85.7,99,96.3,88.3,86.3
2017-10-01,77.5,86.3,90.5,74.5,83.7,92.7,83.7,82.1,89.4,88,88.3,82.4
2017-10-02,69.3,86.3,90.5,67.7,81.5,84,80.1,74.6,82.7,82.3,88.3,74.3
2017-10-03,72.8,86.3,90.5,70.1,80.6,91.7,86.5,72.7,87.4,86.4,88.3,72.2
2017-10-04,83,86.3,90.5,80.9,92.4,97.8,98.7,84.9,96.4,94.1,88.3,85.5
2017-10-05,78.3,86.3,90.5,77.6,89,96.6,81.2,85.5,97,94.5,88.3,86.2
2017-10-06,80.9,86.3,90.5,77.6,87.9,98.3,79.3,84.6,96.9,94.5,88.3,85.1
2017-10-07,78.4,86.3,90.5,74.4,83.4,84,77.1,79.5,94.6,92.6,88.3,79.6
2017-10-08,74.8,86.3,90.5,70.6,80.4,86.6,81.7,79,82.2,81.9,88.3,79.1
2017-10-09,79.4,86.3,90.5,74.8,86,92.8,82.7,82.6,88.7,87.5,88.3,83
2017-10-10,77.1,86.3,90.5,72.5,84.8,85,76.4,78,91.2,89.6,88.3,77.9
2017-10-11,75,86.3,90.5,71.4,84.8,94.8,73.1,77.1,91.9,90.2,88.3,77
2017-10-12,77.5,86.3,90.5,72,86.3,95.8,74,77.2,91.2,89.6,88.3,77.1
2017-10-13,77.8,86.3,90.5,72.8,85,98.3,76.2,78.1,91.8,90.1,88.3,78.1
2017-10-14,78.1,86.3,90.5,72.5,83.3,94.5,72.9,79,91,89.4,88.3,79
2017-10-15,81.8,86.3,90.5,76.6,94.4,98.2,71.6,83.4,97.9,95.4,88.3,83.9
2017-10-16,80,86.3,90.5,76.7,96.5,99.5,71.7,84.6,98.3,95.7,88.3,85.2
2017-10-17,76.9,86.3,90.5,74.2,89.9,98.7,69.9,81.2,97.3,94.8,88.3,81.5
2017-10-18,78.7,86.3,90.5,74.1,91.3,96.6,69.3,80.7,96.1,93.8,88.3,81
2017-10-19,76.2,86.3,90.5,70.8,83.7,97.9,67.1,78.7,89.9,88.5,88.3,78.7
2017-10-20,73,86.3,90.5,70.5,82.4,98.1,72.4,77.2,90.8,89.2,88.3,77.1
2017-10-21,79.3,86.3,90.5,77.4,91.3,94.5,87.4,81.8,96.8,94.4,88.3,82.2
2017-10-22,81.9,86.3,90.5,78.9,94.6,88.3,85.3,85.3,96.6,94.2,88.3,85.9
2017-10-23,83.5,86.3,90.5,80,93.5,98.4,83.5,86.9,98.5,95.8,88.3,87.6
2017-10-24,78.6,86.3,90.5,77,86.3,99.9,89.5,81.9,94.6,92.5,88.3,82.3
2017-10-25,73.7,86.3,90.5,73.3,86.4,98.3,87.2,80.7,88.3,87.1,88.3,80.9
2017-10-26,77.9,86.3,90.5,74,87.9,95.9,89.2,80.5,92.7,90.9,88.3,80.7
2017-10-27,78.6,86.3,90.5,79.4,86.6,99,85.2,81.3,90,88.6,88.3,81.6
2017-10-28,79.1,86.3,90.5,81.3,89.4,91.8,95.6,81,92.4,90.6,88.3,81.3
2017-10-29,64.8,86.3,90.5,56.9,74.9,87,53.3,65.4,72.9,73.9,88.3,64.2
2017-10-30,63.2,86.3,90.5,62.1,79.6,91.6,58.2,73.2,83.1,82.7,88.3,72.7
2017-10-31,64.5,86.3,90.5,61.8,76.4,83.3,60.5,67.1,73.8,74.7,88.3,66.1
2017-11-01,79.7,86.3,90.5,79.8,82.9,81,83.5,79.6,92.3,90.6,88.3,79.7
2017-11-02,82,86.3,90.5,71.9,80.9,83,82.5,75.3,90.7,89.2,88.3,75
2017-11-03,72.8,86.3,90.5,67.3,84.4,88.9,80.1,76.3,81.2,81,88.3,76.1
2017-11-04,63.3,86.3,90.5,66.5,77.6,77.6,69.2,74.5,84.8,84.1,88.3,74.1
2017-11-05,63.1,86.3,90.5,57.1,79.2,66,52.7,62,71.1,72.4,88.3,60.5
2017-11-06,69.6,86.3,90.5,63.1,84.5,68.6,57.3,74.4,86,85.2,88.3,74
2017-11-07,73.7,86.3,90.5,71.2,84.3,62.2,65.6,75.3,83.5,83,88.3,75
2017-11-08,71.5,86.3,90.5,66.4,85.4,67,63.1,75.3,79.5,79.6,88.3,75
2017-11-09,74.8,86.3,90.5,65.1,85.6,85.2,65.9,77.5,88.5,87.3,88.3,77.4
2017-11-10,76.7,86.3,90.5,68.1,83.9,86.1,65.9,71.1,88.2,87,88.3,70.4
2017-11-11,76.8,86.3,90.5,74.4,85.5,91.1,73.8,80.1,92.2,90.5,88.3,80.2
2017-11-12,75.8,86.3,90.5,73,87.6,62.7,74.6,78,88,86.9,88.3,78
2017-11-13,77.2,86.3,90.5,77.5,88.4,69.3,80.6,79.9,91.4,89.8,88.3,80
2017-11-14,84.6,86.3,90.5,82.8,89.1,79.3,88.7,87.5,95.9,93.7,88.3,88.4
2017-11-15,89.9,86.3,90.5,87.4,92,92.2,95.3,87.7,95.6,93.4,88.3,88.6
2017-11-16,82.9,86.3,90.5,77.8,90.7,76.5,94.3,78.7,90.6,89.1,88.3,78.7
2017-11-17,69.1,86.3,92.3,71.4,84,66.7,80.8,77.1,87.5,86.4,88.3,77
2017-11-18,68,86.3,89.6,66.5,77.5,75.6,66.6,73.7,78.3,78.6,88.3,73.3
2017-11-19,77.4,86.3,94.4,71.7,83.7,71.6,73.3,78.1,85.2,84.5,88.3,78.1
2017-11-20,80.6,86.3,89.8,80.4,88.8,72.4,78.6,80.1,91,89.4,88.3,80.3
2017-11-21,80.9,86.3,88.6,80.4,85.9,83.3,83.7,82,89.3,88,88.3,82.4
2017-11-22,73.5,86.3,92.4,72.6,83.9,86.8,84.5,75.7,84.8,84.2,88.3,75.5
2017-11-23,88.4,86.3,97,87.8,93.7,91.7,94.1,89.6,97.7,95.2,88.3,90.6
2017-11-24,81.2,86.3,90,80.5,86.3,90.4,85.6,83.7,93,91.1,88.3,84.2
2017-11-25,77.2,86.3,91.2,75.6,85.5,93.4,83.3,78.1,90.8,89.2,88.3,78.1
2017-11-26,76.9,86.3,92.6,77,87.2,97,82.4,80,90.4,88.9,88.3,80.1
2017-11-27,81.4,86.3,88.1,80.9,93,98.4,80.9,83.4,94.3,92.2,88.3,83.8
2017-11-28,84,86.3,98.7,80.8,92.6,99.8,85,83.9,96.8,94.4,88.3,84.4
2017-11-29,89,86.3,95.1,81.3,93.5,96.8,82.8,83.3,99.5,96.7,88.3,83.8
2017-11-30,76.3,86.3,87.7,76.3,84.9,94.2,91.4,79.4,84.7,84.1,88.3,79.5
2017-12-01,80,86.3,92.5,81.2,84.9,96.2,95.1,78.1,92.2,90.4,88.3,78.1
2017-12-02,84.6,86.3,90.9,84.4,88.6,95.2,93.2,82.8,98.2,95.6,88.3,83.2
2017-12-03,83.9,86.3,92.4,81.9,91.9,99.4,87.8,85.8,96.6,94.3,90.9,86.5
2017-12-04,84.9,86.3,87.9,81.3,93.2,99.6,82.8,85,95.9,93.6,91,85.6
2017-12-05,83.7,86.3,83.4,77.4,87.4,98.9,81.7,80.8,97.6,95.1,88.4,81
2017-12-06,79.7,86.3,81.1,73.5,83.8,97.4,75.9,79.2,91.3,89.7,86.1,79.3
2017-12-07,72.3,86.2,86.3,69.2,84.2,99.4,74,75.5,89.4,88.1,83.9,75.2
2017-12-08,74.5,86.3,86.7,72.5,85.7,99.6,84.8,76.7,88.8,87.5,85.3,76.6
2017-12-09,76.1,86.3,91.7,74.8,85.6,99.7,90.8,76.8,88.6,87.4,85.8,76.7
2017-12-10,80.5,86.3,91.1,74.6,83.8,97.4,92.5,72.8,89.8,88.4,85.3,72.3
2017-12-11,82.3,86.3,88.1,74.7,81.8,97.1,89.5,72.4,88.6,87.4,85.2,71.9
2017-12-12,78.8,86.3,91.4,75.1,85.2,95.2,76.3,76.2,87.6,86.6,86.1,76.1
2017-12-13,70.3,86.2,90.5,58.9,78.6,64.5,54.2,69.1,69,70.6,79.9,68.2
2017-12-14,71.4,86.2,81,69.9,81.7,78.9,75.3,75.6,82.9,82.5,83.5,75.4
2017-12-15,73,86.2,83.9,70.3,83.1,94.2,70.3,75.6,87.7,86.6,84.1,75.4
2017-12-16,72,86.2,91.1,69.9,82.3,95.2,81.6,74.1,83.9,83.4,83.4,73.8
2017-12-17,74.7,86.2,89,66.2,85.4,93.9,82.2,76,87.9,86.8,84.2,75.8
2017-12-18,73.1,86.3,86.4,73.3,88.2,95.9,72.7,76.2,91.5,89.8,85.5,76
2017-12-19,75.4,86.3,86.9,68.2,86.1,95.6,75.1,75.3,89.1,87.8,84.5,75
2017-12-20,79.4,86.3,91.3,72.6,91,97.3,85.9,80.8,94.9,92.8,87.7,81
2017-12-21,78.4,86.3,90.5,73.4,90,99.1,93.5,80.4,93.1,91.3,87.4,80.6
2017-12-22,80.3,86.3,93.7,73.5,94.5,97.4,86.2,81.3,94.5,92.4,88.7,81.6
2017-12-23,74.5,86.3,91.8,74.2,90.8,99.2,82.2,78,89.5,88.2,86.6,78
2017-12-24,73.4,86.3,92.4,73.8,88.3,99.9,87.9,77.6,90.2,88.7,85.9,77.5
2017-12-25,82.9,86.3,91.6,73.5,89,99.8,98.3,81.5,92.6,90.8,88.2,81.8
2017-12-26,87.4,86.3,98.6,74.7,88.6,99.2,99.8,86.9,96.8,94.4,90,87.7
2017-12-27,83.4,86.3,84.2,75.7,90.7,97.3,97.4,84.1,92.9,91.1,89.3,84.6
2017-12-28,84.4,86.3,85.3,74.1,89.2,97.2,95.6,82.9,91.3,89.7,88.8,83.3
2017-12-29,84.1,86.3,87.4,74.2,89.3,94.5,93.9,82.5,92.6,90.8,88.7,82.8
2017-12-30,80.2,86.3,95.5,73.2,87.1,97.1,89.6,81.4,94.2,92.2,88.1,81.7
